image_id,detection_confidence,image_timestamp,detection_source,mmsi,vessel_name,vessel_flag,vessel_type,vessel_id,detection_lat,detection_lon,fishing_event_lat,fishing_event_lon,event_start,event_end,event_id,event_type,event_duration_hours,potential_risk,is_high_risk,eez_regions,rfmo_regions,fao_regions,mpa_regions,distance_from_shore_km,distance_from_port_km,total_distance_km,average_speed_knots,ingested_at,fishing_processed_at,detection_processed_at,ship_image_url
0,0.95,2026-04-21T06:00:00.000Z,GFW_4WINGS,105402112,QIONG DAN YU 12010,,,105402112,21.5,115.0,21.5,115.0,2026-04-21T00:00:00.000Z,2026-04-21T06:00:00.000Z,gfw-0000,vessel_presence,6.0,true,true,,,,,,,,,2026-04-26T06:34:07.000Z,2026-04-26T06:34:07.000Z,2026-04-26T06:34:07.000Z,
1,0.95,2026-04-21T06:00:00.000Z,GFW_4WINGS,182580004,SUQIYU18258*004_7.9V,,,182580004,32.0,122.19999694824219,32.0,122.19999694824219,2026-04-21T00:00:00.000Z,2026-04-21T06:00:00.000Z,gfw-0001,vessel_presence,6.0,true,true,,,,,,,,,2026-04-26T06:34:07.000Z,2026-04-26T06:34:07.000Z,2026-04-26T06:34:07.000Z,
2,0.95,2026-04-21T06:00:00.000Z,GFW_4WINGS,200027900,200027900,,,200027900,20.9,111.30000305175781,20.7,111.19999694824219,2026-04-21T00:00:00.000Z,2026-04-21T06:00:00.000Z,gfw-0002,vessel_presence,6.0,true,true,,,,,,,,,2026-04-26T06:34:07.000Z,2026-04-26T06:34:07.000Z,2026-04-26T06:34:07.000Z,
3,0.95,2026-04-21T06:00:00.000Z,GFW_4WINGS,201299910,LIN 12999--10-86%,ALB,,201299910,28.6,121.5999984741211,28.7,121.80000305175781,2026-04-21T00:00:00.000Z,2026-04-21T06:00:00.000Z,gfw-0003,vessel_presence,6.0,true,true,,,,,,,,,2026-04-26T06:34:07.000Z,2026-04-26T06:34:07.000Z,2026-04-26T06:34:07.000Z,
4,0.95,2026-04-21T06:00:00.000Z,GFW_4WINGS,210577000,RED DOLPHIN,CYP,,210577000,3.8,8.699999809265137,3.8,8.699999809265137,2026-04-21T00:00:00.000Z,2026-04-21T06:00:00.000Z,gfw-0004,vessel_presence,6.0,true,true,,,,,,,,,2026-04-26T06:34:07.000Z,2026-04-26T06:34:07.000Z,2026-04-26T06:34:07.000Z,
5,0.95,2026-04-21T06:00:00.000Z,GFW_4WINGS,215060000,ALLEGRA,MLT,,215060000,-33.7,17.399999618530273,-34.2,18.0,2026-04-21T00:00:00.000Z,2026-04-21T06:00:00.000Z,gfw-0005,vessel_presence,6.0,true,false,,,,,,,,,2026-04-26T06:34:07.000Z,2026-04-26T06:34:07.000Z,2026-04-26T06:34:07.000Z,
6,0.95,2026-04-21T06:00:00.000Z,GFW_4WINGS,218056970,MOMO,DEU,,218056970,-0.7,-90.30000305175781,-0.7,-90.30000305175781,2026-04-21T00:00:00.000Z,2026-04-21T06:00:00.000Z,gfw-0006,vessel_presence,6.0,true,true,,,,,,,,,2026-04-26T06:34:07.000Z,2026-04-26T06:34:07.000Z,2026-04-26T06:34:07.000Z,
7,0.95,2026-04-21T06:00:00.000Z,GFW_4WINGS,219646000,MATHILDE MAERSK,DNK,,219646000,21.6,-17.700000762939453,20.6,-18.0,2026-04-21T00:00:00.000Z,2026-04-21T06:00:00.000Z,gfw-0007,vessel_presence,6.0,true,true,,,,,,,,,2026-04-26T06:34:07.000Z,2026-04-26T06:34:07.000Z,2026-04-26T06:34:07.000Z,
8,0.95,2026-04-21T06:00:00.000Z,GFW_4WINGS,224082580,EL MACIZO,ESP,,224082580,27.7,-15.5,27.7,-15.5,2026-04-21T00:00:00.000Z,2026-04-21T06:00:00.000Z,gfw-0008,vessel_presence,6.0,true,true,,,,,,,,,2026-04-26T06:34:07.000Z,2026-04-26T06:34:07.000Z,2026-04-26T06:34:07.000Z,
9,0.95,2026-04-21T06:00:00.000Z,GFW_4WINGS,225319000,NUEVO MONTE VENTOSO,ESP,,225319000,-17.1,-78.5999984741211,-17.7,-78.30000305175781,2026-04-21T00:00:00.000Z,2026-04-21T06:00:00.000Z,gfw-0009,vessel_presence,6.0,true,true,,,,,,,,,2026-04-26T06:34:07.000Z,2026-04-26T06:34:07.000Z,2026-04-26T06:34:07.000Z,
10,0.95,2026-04-21T06:00:00.000Z,GFW_4WINGS,227362190,ALTEREGO,FRA,,227362190,-1.0,-91.0,-1.0,-91.0,2026-04-21T00:00:00.000Z,2026-04-21T06:00:00.000Z,gfw-0010,vessel_presence,6.0,true,true,,,,,,,,,2026-04-26T06:34:07.000Z,2026-04-26T06:34:07.000Z,2026-04-26T06:34:07.000Z,
11,0.95,2026-04-21T06:00:00.000Z,GFW_4WINGS,240800021,SHENHUI05-1,GRC,,240800021,2.9,53.599998474121094,2.9,53.599998474121094,2026-04-21T00:00:00.000Z,2026-04-21T06:00:00.000Z,gfw-0011,vessel_presence,6.0,true,true,,,,,,,,,2026-04-26T06:34:07.000Z,2026-04-26T06:34:07.000Z,2026-04-26T06:34:07.000Z,
12,0.95,2026-04-21T06:00:00.000Z,GFW_4WINGS,240800958,ZHEDAIYU02477-83A,GRC,,240800958,32.1,125.5999984741211,32.1,125.5,2026-04-21T00:00:00.000Z,2026-04-21T06:00:00.000Z,gfw-0012,vessel_presence,6.0,true,true,,,,,,,,,2026-04-26T06:34:07.000Z,2026-04-26T06:34:07.000Z,2026-04-26T06:34:07.000Z,
13,0.95,2026-04-21T06:00:00.000Z,GFW_4WINGS,242162100,BULAND,MAR,,242162100,21.5,-17.299999237060547,21.4,-17.299999237060547,2026-04-21T00:00:00.000Z,2026-04-21T06:00:00.000Z,gfw-0013,vessel_presence,6.0,true,true,,,,,,,,,2026-04-26T06:34:07.000Z,2026-04-26T06:34:07.000Z,2026-04-26T06:34:07.000Z,
14,0.95,2026-04-21T06:00:00.000Z,GFW_4WINGS,244309000,ALIDA,NLD,,244309000,22.2,-17.200000762939453,21.0,-17.399999618530273,2026-04-21T00:00:00.000Z,2026-04-21T06:00:00.000Z,gfw-0014,vessel_presence,6.0,true,true,,,,,,,,,2026-04-26T06:34:07.000Z,2026-04-26T06:34:07.000Z,2026-04-26T06:34:07.000Z,
15,0.95,2026-04-21T06:00:00.000Z,GFW_4WINGS,253000028,MEDI ARGENTARIO,LUX,,253000028,54.3,-164.39999389648438,54.2,-163.3000030517578,2026-04-21T00:00:00.000Z,2026-04-21T06:00:00.000Z,gfw-0015,vessel_presence,6.0,true,false,,,,,,,,,2026-04-26T06:34:07.000Z,2026-04-26T06:34:07.000Z,2026-04-26T06:34:07.000Z,
16,0.95,2026-04-21T06:00:00.000Z,GFW_4WINGS,255801990,B GAS SATURN,PRT,,255801990,-0.6,8.800000190734863,-0.6,8.800000190734863,2026-04-21T00:00:00.000Z,2026-04-21T06:00:00.000Z,gfw-0016,vessel_presence,6.0,true,true,,,,,,,,,2026-04-26T06:34:07.000Z,2026-04-26T06:34:07.000Z,2026-04-26T06:34:07.000Z,
17,0.95,2026-04-21T06:00:00.000Z,GFW_4WINGS,255915561,GALLOWAY EXPRESS,PRT,,255915561,16.9,-20.600000381469727,15.9,-21.100000381469727,2026-04-21T00:00:00.000Z,2026-04-21T06:00:00.000Z,gfw-0017,vessel_presence,6.0,true,true,,,,,,,,,2026-04-26T06:34:07.000Z,2026-04-26T06:34:07.000Z,2026-04-26T06:34:07.000Z,
18,0.95,2026-04-21T06:00:00.000Z,GFW_4WINGS,256330000,ECO MARIN,MLT,,256330000,-8.0,-80.19999694824219,-8.7,-79.69999694824219,2026-04-21T00:00:00.000Z,2026-04-21T06:00:00.000Z,gfw-0018,vessel_presence,6.0,true,true,,,,,,,,,2026-04-26T06:34:07.000Z,2026-04-26T06:34:07.000Z,2026-04-26T06:34:07.000Z,
19,0.95,2026-04-21T06:00:00.000Z,GFW_4WINGS,256553000,MINERVA MEDITERRANEA,MLT,,256553000,-19.6,39.0,-18.8,39.400001525878906,2026-04-21T00:00:00.000Z,2026-04-21T06:00:00.000Z,gfw-0019,vessel_presence,6.0,true,true,,,,,,,,,2026-04-26T06:34:07.000Z,2026-04-26T06:34:07.000Z,2026-04-26T06:34:07.000Z,
20,0.95,2026-04-21T06:00:00.000Z,GFW_4WINGS,256629000,SEAHEAVEN,MLT,,256629000,-21.8,37.70000076293945,-21.0,38.099998474121094,2026-04-21T00:00:00.000Z,2026-04-21T06:00:00.000Z,gfw-0020,vessel_presence,6.0,true,true,,,,,,,,,2026-04-26T06:34:07.000Z,2026-04-26T06:34:07.000Z,2026-04-26T06:34:07.000Z,
21,0.95,2026-04-21T06:00:00.000Z,GFW_4WINGS,257089810,OLYMPIC CHALLENGER,NOR,,257089810,-13.0,40.5,-12.5,40.900001525878906,2026-04-21T00:00:00.000Z,2026-04-21T06:00:00.000Z,gfw-0021,vessel_presence,6.0,true,true,,,,,,,,,2026-04-26T06:34:07.000Z,2026-04-26T06:34:07.000Z,2026-04-26T06:34:07.000Z,
22,0.95,2026-04-21T06:00:00.000Z,GFW_4WINGS,259148000,HUELVA KNUTSEN,NOR,,259148000,19.2,90.30000305175781,18.2,89.9000015258789,2026-04-21T00:00:00.000Z,2026-04-21T06:00:00.000Z,gfw-0022,vessel_presence,6.0,true,true,,,,,,,,,2026-04-26T06:34:07.000Z,2026-04-26T06:34:07.000Z,2026-04-26T06:34:07.000Z,
23,0.95,2026-04-21T06:00:00.000Z,GFW_4WINGS,269118790,FAREINA,CHE,,269118790,-0.7,-90.30000305175781,-0.7,-90.30000305175781,2026-04-21T00:00:00.000Z,2026-04-21T06:00:00.000Z,gfw-0023,vessel_presence,6.0,true,true,,,,,,,,,2026-04-26T06:34:07.000Z,2026-04-26T06:34:07.000Z,2026-04-26T06:34:07.000Z,
24,0.95,2026-04-21T06:00:00.000Z,GFW_4WINGS,271046708,SANCAR,TUR,,271046708,2.7,47.5,2.4,46.79999923706055,2026-04-21T00:00:00.000Z,2026-04-21T06:00:00.000Z,gfw-0024,vessel_presence,6.0,true,true,,,,,,,,,2026-04-26T06:34:07.000Z,2026-04-26T06:34:07.000Z,2026-04-26T06:34:07.000Z,
25,0.95,2026-04-21T06:00:00.000Z,GFW_4WINGS,271069004,ILHAN YILMAZ 1,TUR,,271069004,20.9,-17.0,20.9,-17.0,2026-04-21T00:00:00.000Z,2026-04-21T06:00:00.000Z,gfw-0025,vessel_presence,6.0,true,true,,,,,,,,,2026-04-26T06:34:07.000Z,2026-04-26T06:34:07.000Z,2026-04-26T06:34:07.000Z,
26,0.95,2026-04-21T06:00:00.000Z,GFW_4WINGS,271073382,SOYDEMIRLER BALIKCIL,TUR,,271073382,20.6,-17.399999618530273,20.6,-17.299999237060547,2026-04-21T00:00:00.000Z,2026-04-21T06:00:00.000Z,gfw-0026,vessel_presence,6.0,true,true,,,,,,,,,2026-04-26T06:34:07.000Z,2026-04-26T06:34:07.000Z,2026-04-26T06:34:07.000Z,
27,0.95,2026-04-21T06:00:00.000Z,GFW_4WINGS,271073599,HICAZ BALIKCILIK,TUR,,271073599,20.9,-17.0,20.9,-17.0,2026-04-21T00:00:00.000Z,2026-04-21T06:00:00.000Z,gfw-0027,vessel_presence,6.0,true,true,,,,,,,,,2026-04-26T06:34:07.000Z,2026-04-26T06:34:07.000Z,2026-04-26T06:34:07.000Z,
28,0.95,2026-04-21T06:00:00.000Z,GFW_4WINGS,273219690,SOLIDARNOST,RUS,,273219690,60.0,157.3000030517578,59.9,157.3000030517578,2026-04-21T00:00:00.000Z,2026-04-21T06:00:00.000Z,gfw-0028,vessel_presence,6.0,true,false,,,,,,,,,2026-04-26T06:34:07.000Z,2026-04-26T06:34:07.000Z,2026-04-26T06:34:07.000Z,
29,0.95,2026-04-21T06:00:00.000Z,GFW_4WINGS,273257400,NOVIK,RUS,,273257400,57.8,151.8000030517578,57.9,151.8000030517578,2026-04-21T00:00:00.000Z,2026-04-21T06:00:00.000Z,gfw-0029,vessel_presence,6.0,true,false,,,,,,,,,2026-04-26T06:34:07.000Z,2026-04-26T06:34:07.000Z,2026-04-26T06:34:07.000Z,
30,0.95,2026-04-21T06:00:00.000Z,GFW_4WINGS,273295020,OKHOTSK,RUS,,273295020,59.0,156.89999389648438,58.9,156.89999389648438,2026-04-21T00:00:00.000Z,2026-04-21T06:00:00.000Z,gfw-0030,vessel_presence,6.0,true,false,,,,,,,,,2026-04-26T06:34:07.000Z,2026-04-26T06:34:07.000Z,2026-04-26T06:34:07.000Z,
31,0.95,2026-04-21T06:00:00.000Z,GFW_4WINGS,273299430,EROFEY,RUS,,273299430,47.7,144.8000030517578,47.5,144.0,2026-04-21T00:00:00.000Z,2026-04-21T06:00:00.000Z,gfw-0031,vessel_presence,6.0,true,false,,,,,,,,,2026-04-26T06:34:07.000Z,2026-04-26T06:34:07.000Z,2026-04-26T06:34:07.000Z,
32,0.95,2026-04-21T06:00:00.000Z,GFW_4WINGS,273359510,SHANS 102,RUS,,273359510,50.7,155.6999969482422,50.7,155.39999389648438,2026-04-21T00:00:00.000Z,2026-04-21T06:00:00.000Z,gfw-0032,vessel_presence,6.0,true,false,,,,,,,,,2026-04-26T06:34:07.000Z,2026-04-26T06:34:07.000Z,2026-04-26T06:34:07.000Z,
33,0.95,2026-04-21T06:00:00.000Z,GFW_4WINGS,273391950,ARCTIC LION,RUS,,273391950,57.8,151.8000030517578,57.8,151.6999969482422,2026-04-21T00:00:00.000Z,2026-04-21T06:00:00.000Z,gfw-0033,vessel_presence,6.0,true,false,,,,,,,,,2026-04-26T06:34:07.000Z,2026-04-26T06:34:07.000Z,2026-04-26T06:34:07.000Z,
34,0.95,2026-04-21T06:00:00.000Z,GFW_4WINGS,273437810,ANIVA,RUS,,273437810,59.8,157.1999969482422,59.8,157.1999969482422,2026-04-21T00:00:00.000Z,2026-04-21T06:00:00.000Z,gfw-0034,vessel_presence,6.0,true,false,,,,,,,,,2026-04-26T06:34:07.000Z,2026-04-26T06:34:07.000Z,2026-04-26T06:34:07.000Z,
35,0.95,2026-04-21T06:00:00.000Z,GFW_4WINGS,273449180,KHOKUTATSU MARU 1,RUS,,273449180,46.8,143.39999389648438,46.8,143.39999389648438,2026-04-21T00:00:00.000Z,2026-04-21T06:00:00.000Z,gfw-0035,vessel_presence,6.0,true,false,,,,,,,,,2026-04-26T06:34:07.000Z,2026-04-26T06:34:07.000Z,2026-04-26T06:34:07.000Z,
36,0.95,2026-04-21T06:00:00.000Z,GFW_4WINGS,273450760,SIRIUS,RUS,,273450760,48.8,155.1999969482422,48.8,155.1999969482422,2026-04-21T00:00:00.000Z,2026-04-21T06:00:00.000Z,gfw-0036,vessel_presence,6.0,true,false,,,,,,,,,2026-04-26T06:34:07.000Z,2026-04-26T06:34:07.000Z,2026-04-26T06:34:07.000Z,
37,0.95,2026-04-21T06:00:00.000Z,GFW_4WINGS,273454330,MRS-150-130,RUS,,273454330,52.0,156.10000610351562,52.0,156.10000610351562,2026-04-21T00:00:00.000Z,2026-04-21T06:00:00.000Z,gfw-0037,vessel_presence,6.0,true,false,,,,,,,,,2026-04-26T06:34:07.000Z,2026-04-26T06:34:07.000Z,2026-04-26T06:34:07.000Z,
38,0.95,2026-04-21T06:00:00.000Z,GFW_4WINGS,273841020,XXVII SYEZD KPSS,RUS,,273841020,50.1,155.5,50.1,155.5,2026-04-21T00:00:00.000Z,2026-04-21T06:00:00.000Z,gfw-0038,vessel_presence,6.0,true,false,,,,,,,,,2026-04-26T06:34:07.000Z,2026-04-26T06:34:07.000Z,2026-04-26T06:34:07.000Z,
39,0.95,2026-04-21T06:00:00.000Z,GFW_4WINGS,292703,LONGLINE BUOY 03-98%,,,292703,-9.3,168.8000030517578,-9.3,168.8000030517578,2026-04-21T00:00:00.000Z,2026-04-21T06:00:00.000Z,gfw-0039,vessel_presence,6.0,true,false,,,,,,,,,2026-04-26T06:34:07.000Z,2026-04-26T06:34:07.000Z,2026-04-26T06:34:07.000Z,
40,0.95,2026-04-21T06:00:00.000Z,GFW_4WINGS,311001197,AFRICAN WOODSTAR,BHS,,311001197,-33.8,18.200000762939453,-33.8,18.100000381469727,2026-04-21T00:00:00.000Z,2026-04-21T06:00:00.000Z,gfw-0040,vessel_presence,6.0,true,false,,,,,,,,,2026-04-26T06:34:07.000Z,2026-04-26T06:34:07.000Z,2026-04-26T06:34:07.000Z,
41,0.95,2026-04-21T06:00:00.000Z,GFW_4WINGS,311044100,CMA CGM AFRICA FOUR,BHS,,311044100,-20.1,35.400001525878906,-20.1,35.400001525878906,2026-04-21T00:00:00.000Z,2026-04-21T06:00:00.000Z,gfw-0041,vessel_presence,6.0,true,true,,,,,,,,,2026-04-26T06:34:07.000Z,2026-04-26T06:34:07.000Z,2026-04-26T06:34:07.000Z,
42,0.95,2026-04-21T06:00:00.000Z,GFW_4WINGS,312536000,SOFIA,BLZ,,312536000,11.9,45.29999923706055,12.0,44.70000076293945,2026-04-21T00:00:00.000Z,2026-04-21T06:00:00.000Z,gfw-0042,vessel_presence,6.0,true,true,,,,,,,,,2026-04-26T06:34:07.000Z,2026-04-26T06:34:07.000Z,2026-04-26T06:34:07.000Z,
43,0.95,2026-04-21T06:00:00.000Z,GFW_4WINGS,314122000,ELFRIEDE,BRB,,314122000,2.0,45.29999923706055,2.0,45.29999923706055,2026-04-21T00:00:00.000Z,2026-04-21T06:00:00.000Z,gfw-0043,vessel_presence,6.0,true,true,,,,,,,,,2026-04-26T06:34:07.000Z,2026-04-26T06:34:07.000Z,2026-04-26T06:34:07.000Z,
44,0.95,2026-04-21T06:00:00.000Z,GFW_4WINGS,314658000,BRAVE,BRB,,314658000,9.5,53.20000076293945,8.9,52.70000076293945,2026-04-21T00:00:00.000Z,2026-04-21T06:00:00.000Z,gfw-0044,vessel_presence,6.0,true,true,,,,,,,,,2026-04-26T06:34:07.000Z,2026-04-26T06:34:07.000Z,2026-04-26T06:34:07.000Z,
45,0.95,2026-04-21T06:00:00.000Z,GFW_4WINGS,319225400,KORU,CYM,,319225400,-0.5,-90.30000305175781,-0.5,-90.30000305175781,2026-04-21T00:00:00.000Z,2026-04-21T06:00:00.000Z,gfw-0045,vessel_presence,6.0,true,true,,,,,,,,,2026-04-26T06:34:07.000Z,2026-04-26T06:34:07.000Z,2026-04-26T06:34:07.000Z,
46,0.95,2026-04-21T06:00:00.000Z,GFW_4WINGS,319225500,ABEONA,CYM,,319225500,-0.5,-90.30000305175781,-0.5,-90.30000305175781,2026-04-21T00:00:00.000Z,2026-04-21T06:00:00.000Z,gfw-0046,vessel_presence,6.0,true,true,,,,,,,,,2026-04-26T06:34:07.000Z,2026-04-26T06:34:07.000Z,2026-04-26T06:34:07.000Z,
47,0.95,2026-04-21T06:00:00.000Z,GFW_4WINGS,338850000,CG WAESCHE,USA,,338850000,53.9,-166.5,53.9,-166.5,2026-04-21T00:00:00.000Z,2026-04-21T06:00:00.000Z,gfw-0047,vessel_presence,6.0,true,false,,,,,,,,,2026-04-26T06:34:07.000Z,2026-04-26T06:34:07.000Z,2026-04-26T06:34:07.000Z,
48,0.95,2026-04-21T06:00:00.000Z,GFW_4WINGS,341175002,ZAMBEZI,KNA,,341175002,-13.0,40.5,-13.0,40.5,2026-04-21T00:00:00.000Z,2026-04-21T06:00:00.000Z,gfw-0048,vessel_presence,6.0,true,true,,,,,,,,,2026-04-26T06:34:07.000Z,2026-04-26T06:34:07.000Z,2026-04-26T06:34:07.000Z,
49,0.95,2026-04-21T06:00:00.000Z,GFW_4WINGS,341859001,RAHAF MOON,KNA,,341859001,5.6,0.0,5.6,0.0,2026-04-21T00:00:00.000Z,2026-04-21T06:00:00.000Z,gfw-0049,vessel_presence,6.0,true,true,,,,,,,,,2026-04-26T06:34:07.000Z,2026-04-26T06:34:07.000Z,2026-04-26T06:34:07.000Z,
50,0.95,2026-04-21T06:00:00.000Z,GFW_4WINGS,341866001,AFRICAN C,KNA,,341866001,4.2,48.099998474121094,3.5,47.5,2026-04-21T00:00:00.000Z,2026-04-21T06:00:00.000Z,gfw-0050,vessel_presence,6.0,true,true,,,,,,,,,2026-04-26T06:34:07.000Z,2026-04-26T06:34:07.000Z,2026-04-26T06:34:07.000Z,
51,0.95,2026-04-21T06:00:00.000Z,GFW_4WINGS,351084000,BITU ATLANTIC,PAN,,351084000,6.1,1.2999999523162842,6.1,1.2999999523162842,2026-04-21T00:00:00.000Z,2026-04-21T06:00:00.000Z,gfw-0051,vessel_presence,6.0,true,true,,,,,,,,,2026-04-26T06:34:07.000Z,2026-04-26T06:34:07.000Z,2026-04-26T06:34:07.000Z,
52,0.95,2026-04-21T06:00:00.000Z,GFW_4WINGS,352001650,PLATINUM JUBILEE,PAN,,352001650,2.3,169.60000610351562,2.7,170.39999389648438,2026-04-21T00:00:00.000Z,2026-04-21T06:00:00.000Z,gfw-0052,vessel_presence,6.0,true,false,,,,,,,,,2026-04-26T06:34:07.000Z,2026-04-26T06:34:07.000Z,2026-04-26T06:34:07.000Z,
53,0.95,2026-04-21T06:00:00.000Z,GFW_4WINGS,352002464,DEBI,PAN,,352002464,20.3,86.80000305175781,20.3,86.80000305175781,2026-04-21T00:00:00.000Z,2026-04-21T06:00:00.000Z,gfw-0053,vessel_presence,6.0,true,true,,,,,,,,,2026-04-26T06:34:07.000Z,2026-04-26T06:34:07.000Z,2026-04-26T06:34:07.000Z,
54,0.95,2026-04-21T06:00:00.000Z,GFW_4WINGS,352002785,ELEANNA,PAN,,352002785,6.1,1.2999999523162842,6.1,1.2999999523162842,2026-04-21T00:00:00.000Z,2026-04-21T06:00:00.000Z,gfw-0054,vessel_presence,6.0,true,true,,,,,,,,,2026-04-26T06:34:07.000Z,2026-04-26T06:34:07.000Z,2026-04-26T06:34:07.000Z,
55,0.95,2026-04-21T06:00:00.000Z,GFW_4WINGS,352002806,SANDY LANES,PAN,,352002806,11.3,49.099998474121094,11.3,49.099998474121094,2026-04-21T00:00:00.000Z,2026-04-21T06:00:00.000Z,gfw-0055,vessel_presence,6.0,true,true,,,,,,,,,2026-04-26T06:34:07.000Z,2026-04-26T06:34:07.000Z,2026-04-26T06:34:07.000Z,
56,0.95,2026-04-21T06:00:00.000Z,GFW_4WINGS,352004375,HADAL SALLY,PAN,,352004375,27.0,-15.600000381469727,27.8,-15.100000381469727,2026-04-21T00:00:00.000Z,2026-04-21T06:00:00.000Z,gfw-0056,vessel_presence,6.0,true,true,,,,,,,,,2026-04-26T06:34:07.000Z,2026-04-26T06:34:07.000Z,2026-04-26T06:34:07.000Z,
57,0.95,2026-04-21T06:00:00.000Z,GFW_4WINGS,352005522,LAN NING 17,PAN,,352005522,34.7,119.4000015258789,34.7,119.4000015258789,2026-04-21T00:00:00.000Z,2026-04-21T06:00:00.000Z,gfw-0057,vessel_presence,6.0,true,true,,,,,,,,,2026-04-26T06:34:07.000Z,2026-04-26T06:34:07.000Z,2026-04-26T06:34:07.000Z,
58,0.95,2026-04-21T06:00:00.000Z,GFW_4WINGS,352072000,SEIYO HARMONY,PAN,,352072000,-19.9,35.20000076293945,-19.9,35.20000076293945,2026-04-21T00:00:00.000Z,2026-04-21T06:00:00.000Z,gfw-0058,vessel_presence,6.0,true,true,,,,,,,,,2026-04-26T06:34:07.000Z,2026-04-26T06:34:07.000Z,2026-04-26T06:34:07.000Z,
59,0.95,2026-04-21T06:00:00.000Z,GFW_4WINGS,352775000,NAVIOS MELODIA,PAN,,352775000,23.2,-18.0,24.1,-17.5,2026-04-21T00:00:00.000Z,2026-04-21T06:00:00.000Z,gfw-0059,vessel_presence,6.0,true,true,,,,,,,,,2026-04-26T06:34:07.000Z,2026-04-26T06:34:07.000Z,2026-04-26T06:34:07.000Z,
60,0.95,2026-04-21T06:00:00.000Z,GFW_4WINGS,352929000,OREGON HIGHWAY,PAN,,352929000,24.2,-17.0,23.0,-17.5,2026-04-21T00:00:00.000Z,2026-04-21T06:00:00.000Z,gfw-0060,vessel_presence,6.0,true,true,,,,,,,,,2026-04-26T06:34:07.000Z,2026-04-26T06:34:07.000Z,2026-04-26T06:34:07.000Z,
61,0.95,2026-04-21T06:00:00.000Z,GFW_4WINGS,352980857,V ATLAS,PAN,,352980857,-33.3,17.299999237060547,-33.7,17.899999618530273,2026-04-21T00:00:00.000Z,2026-04-21T06:00:00.000Z,gfw-0061,vessel_presence,6.0,true,false,,,,,,,,,2026-04-26T06:34:07.000Z,2026-04-26T06:34:07.000Z,2026-04-26T06:34:07.000Z,
62,0.95,2026-04-21T06:00:00.000Z,GFW_4WINGS,353997000,ONE MONACO,PAN,,353997000,-34.6,18.799999237060547,-34.9,20.0,2026-04-21T00:00:00.000Z,2026-04-21T06:00:00.000Z,gfw-0062,vessel_presence,6.0,true,false,,,,,,,,,2026-04-26T06:34:07.000Z,2026-04-26T06:34:07.000Z,2026-04-26T06:34:07.000Z,
63,0.95,2026-04-21T06:00:00.000Z,GFW_4WINGS,357380000,MAIRA,PAN,,357380000,4.7,7.199999809265137,4.7,7.199999809265137,2026-04-21T00:00:00.000Z,2026-04-21T06:00:00.000Z,gfw-0063,vessel_presence,6.0,true,true,,,,,,,,,2026-04-26T06:34:07.000Z,2026-04-26T06:34:07.000Z,2026-04-26T06:34:07.000Z,
64,0.95,2026-04-21T06:00:00.000Z,GFW_4WINGS,366909240,CONSTELLATION(RSD),USA,,366909240,54.1,-165.8000030517578,54.1,-165.8000030517578,2026-04-21T00:00:00.000Z,2026-04-21T06:00:00.000Z,gfw-0064,vessel_presence,6.0,true,false,,,,,,,,,2026-04-26T06:34:07.000Z,2026-04-26T06:34:07.000Z,2026-04-26T06:34:07.000Z,
65,0.95,2026-04-21T06:00:00.000Z,GFW_4WINGS,366939960,RAVEN BAY,USA,,366939960,54.0,-166.60000610351562,53.9,-166.5,2026-04-21T00:00:00.000Z,2026-04-21T06:00:00.000Z,gfw-0065,vessel_presence,6.0,true,false,,,,,,,,,2026-04-26T06:34:07.000Z,2026-04-26T06:34:07.000Z,2026-04-26T06:34:07.000Z,
66,0.95,2026-04-21T06:00:00.000Z,GFW_4WINGS,367081420,TUXEDNI,USA,,367081420,54.2,-166.10000610351562,54.1,-165.8000030517578,2026-04-21T00:00:00.000Z,2026-04-21T06:00:00.000Z,gfw-0066,vessel_presence,6.0,true,false,,,,,,,,,2026-04-26T06:34:07.000Z,2026-04-26T06:34:07.000Z,2026-04-26T06:34:07.000Z,
67,0.95,2026-04-21T06:00:00.000Z,GFW_4WINGS,367372000,SEADAWN,USA,,367372000,53.9,-166.60000610351562,53.9,-166.60000610351562,2026-04-21T00:00:00.000Z,2026-04-21T06:00:00.000Z,gfw-0067,vessel_presence,6.0,true,false,,,,,,,,,2026-04-26T06:34:07.000Z,2026-04-26T06:34:07.000Z,2026-04-26T06:34:07.000Z,
68,0.95,2026-04-21T06:00:00.000Z,GFW_4WINGS,367411770,ALEUTIAN BEAUTY,USA,,367411770,53.9,-166.60000610351562,53.9,-166.60000610351562,2026-04-21T00:00:00.000Z,2026-04-21T06:00:00.000Z,gfw-0068,vessel_presence,6.0,true,false,,,,,,,,,2026-04-26T06:34:07.000Z,2026-04-26T06:34:07.000Z,2026-04-26T06:34:07.000Z,
69,0.95,2026-04-21T06:00:00.000Z,GFW_4WINGS,367488940,BRUIN,USA,,367488940,53.9,-166.60000610351562,53.9,-166.60000610351562,2026-04-21T00:00:00.000Z,2026-04-21T06:00:00.000Z,gfw-0069,vessel_presence,6.0,true,false,,,,,,,,,2026-04-26T06:34:07.000Z,2026-04-26T06:34:07.000Z,2026-04-26T06:34:07.000Z,
70,0.95,2026-04-21T06:00:00.000Z,GFW_4WINGS,368087890,HALCYON,USA,,368087890,54.5,-165.0,54.5,-165.0,2026-04-21T00:00:00.000Z,2026-04-21T06:00:00.000Z,gfw-0070,vessel_presence,6.0,true,false,,,,,,,,,2026-04-26T06:34:07.000Z,2026-04-26T06:34:07.000Z,2026-04-26T06:34:07.000Z,
71,0.95,2026-04-21T06:00:00.000Z,GFW_4WINGS,368098370,REBEL,USA,,368098370,54.1,-165.8000030517578,54.1,-165.8000030517578,2026-04-21T00:00:00.000Z,2026-04-21T06:00:00.000Z,gfw-0071,vessel_presence,6.0,true,false,,,,,,,,,2026-04-26T06:34:07.000Z,2026-04-26T06:34:07.000Z,2026-04-26T06:34:07.000Z,
72,0.95,2026-04-21T06:00:00.000Z,GFW_4WINGS,371450000,MSC CARINA,PAN,,371450000,15.4,92.0,14.9,92.30000305175781,2026-04-21T00:00:00.000Z,2026-04-21T06:00:00.000Z,gfw-0072,vessel_presence,6.0,true,true,,,,,,,,,2026-04-26T06:34:07.000Z,2026-04-26T06:34:07.000Z,2026-04-26T06:34:07.000Z,
73,0.95,2026-04-21T06:00:00.000Z,GFW_4WINGS,371542000,NO1 POHAH,PAN,,371542000,51.9,-176.60000610351562,51.9,-176.60000610351562,2026-04-21T00:00:00.000Z,2026-04-21T06:00:00.000Z,gfw-0073,vessel_presence,6.0,true,false,,,,,,,,,2026-04-26T06:34:07.000Z,2026-04-26T06:34:07.000Z,2026-04-26T06:34:07.000Z,
74,0.95,2026-04-21T06:00:00.000Z,GFW_4WINGS,372231000,GREAT WALL 9,PAN,,372231000,-17.2,38.79999923706055,-17.1,38.70000076293945,2026-04-21T00:00:00.000Z,2026-04-21T06:00:00.000Z,gfw-0074,vessel_presence,6.0,true,true,,,,,,,,,2026-04-26T06:34:07.000Z,2026-04-26T06:34:07.000Z,2026-04-26T06:34:07.000Z,
75,0.95,2026-04-21T06:00:00.000Z,GFW_4WINGS,372291000,SUNNY FAITH,PAN,,372291000,-19.9,35.099998474121094,-19.9,35.099998474121094,2026-04-21T00:00:00.000Z,2026-04-21T06:00:00.000Z,gfw-0075,vessel_presence,6.0,true,true,,,,,,,,,2026-04-26T06:34:07.000Z,2026-04-26T06:34:07.000Z,2026-04-26T06:34:07.000Z,
76,0.95,2026-04-21T06:00:00.000Z,GFW_4WINGS,373311000,NEW HARMONY,PAN,,373311000,-0.9,171.1999969482422,-0.9,171.1999969482422,2026-04-21T00:00:00.000Z,2026-04-21T06:00:00.000Z,gfw-0076,vessel_presence,6.0,true,false,,,,,,,,,2026-04-26T06:34:07.000Z,2026-04-26T06:34:07.000Z,2026-04-26T06:34:07.000Z,
77,0.95,2026-04-21T06:00:00.000Z,GFW_4WINGS,373402000,GRAMPUS DIGNITY,PAN,,373402000,-19.8,35.20000076293945,-19.8,35.20000076293945,2026-04-21T00:00:00.000Z,2026-04-21T06:00:00.000Z,gfw-0077,vessel_presence,6.0,true,true,,,,,,,,,2026-04-26T06:34:07.000Z,2026-04-26T06:34:07.000Z,2026-04-26T06:34:07.000Z,
78,0.95,2026-04-21T06:00:00.000Z,GFW_4WINGS,400000253,CANG LONG,,,400000253,21.3,109.69999694824219,21.3,109.80000305175781,2026-04-21T00:00:00.000Z,2026-04-21T06:00:00.000Z,gfw-0078,vessel_presence,6.0,true,true,,,,,,,,,2026-04-26T06:34:07.000Z,2026-04-26T06:34:07.000Z,2026-04-26T06:34:07.000Z,
79,0.95,2026-04-21T06:00:00.000Z,GFW_4WINGS,403516001,NCC DANAH,SAU,,403516001,10.7,45.0,11.5,45.29999923706055,2026-04-21T00:00:00.000Z,2026-04-21T06:00:00.000Z,gfw-0079,vessel_presence,6.0,true,true,,,,,,,,,2026-04-26T06:34:07.000Z,2026-04-26T06:34:07.000Z,2026-04-26T06:34:07.000Z,
80,0.95,2026-04-21T06:00:00.000Z,GFW_4WINGS,405000199,ZUHAYR,BGD,,405000199,13.9,87.0,13.2,86.5,2026-04-21T00:00:00.000Z,2026-04-21T06:00:00.000Z,gfw-0080,vessel_presence,6.0,true,true,,,,,,,,,2026-04-26T06:34:07.000Z,2026-04-26T06:34:07.000Z,2026-04-26T06:34:07.000Z,
81,0.95,2026-04-21T06:00:00.000Z,GFW_4WINGS,412017790,JIN HANG TING 41,CHN,,412017790,5.6,0.0,5.6,0.0,2026-04-21T00:00:00.000Z,2026-04-21T06:00:00.000Z,gfw-0081,vessel_presence,6.0,true,true,,,,,,,,,2026-04-26T06:34:07.000Z,2026-04-26T06:34:07.000Z,2026-04-26T06:34:07.000Z,
82,0.95,2026-04-21T06:00:00.000Z,GFW_4WINGS,412043580,SANHANGSHAZHUANG3,CHN,,412043580,29.9,122.19999694824219,29.9,122.19999694824219,2026-04-21T00:00:00.000Z,2026-04-21T06:00:00.000Z,gfw-0082,vessel_presence,6.0,true,true,,,,,,,,,2026-04-26T06:34:07.000Z,2026-04-26T06:34:07.000Z,2026-04-26T06:34:07.000Z,
83,0.95,2026-04-21T06:00:00.000Z,GFW_4WINGS,412200335,GUOJI901,CHN,,412200335,-47.0,-60.70000076293945,-47.0,-60.70000076293945,2026-04-21T00:00:00.000Z,2026-04-21T06:00:00.000Z,gfw-0083,vessel_presence,6.0,true,true,,,,,,,,,2026-04-26T06:34:07.000Z,2026-04-26T06:34:07.000Z,2026-04-26T06:34:07.000Z,
84,0.95,2026-04-21T06:00:00.000Z,GFW_4WINGS,412329692,LU QING YUAN YU 210,CHN,,412329692,-43.1,-58.599998474121094,-42.4,-58.20000076293945,2026-04-21T00:00:00.000Z,2026-04-21T06:00:00.000Z,gfw-0084,vessel_presence,6.0,true,true,,,,,,,,,2026-04-26T06:34:07.000Z,2026-04-26T06:34:07.000Z,2026-04-26T06:34:07.000Z,
85,0.95,2026-04-21T06:00:00.000Z,GFW_4WINGS,412329698,LURONGYUANYU679,CHN,,412329698,-46.5,-60.70000076293945,-46.6,-60.70000076293945,2026-04-21T00:00:00.000Z,2026-04-21T06:00:00.000Z,gfw-0085,vessel_presence,6.0,true,true,,,,,,,,,2026-04-26T06:34:07.000Z,2026-04-26T06:34:07.000Z,2026-04-26T06:34:07.000Z,
86,0.95,2026-04-21T06:00:00.000Z,GFW_4WINGS,412331073,HUA YING 98,CHN,,412331073,-42.1,-58.099998474121094,-42.1,-58.0,2026-04-21T00:00:00.000Z,2026-04-21T06:00:00.000Z,gfw-0086,vessel_presence,6.0,true,true,,,,,,,,,2026-04-26T06:34:07.000Z,2026-04-26T06:34:07.000Z,2026-04-26T06:34:07.000Z,
87,0.95,2026-04-21T06:00:00.000Z,GFW_4WINGS,412380480,DONGHAIJIU117,CHN,,412380480,21.7,112.19999694824219,21.7,112.19999694824219,2026-04-21T00:00:00.000Z,2026-04-21T06:00:00.000Z,gfw-0087,vessel_presence,6.0,true,true,,,,,,,,,2026-04-26T06:34:07.000Z,2026-04-26T06:34:07.000Z,2026-04-26T06:34:07.000Z,
88,0.95,2026-04-21T06:00:00.000Z,GFW_4WINGS,412412717,ZHELINGYUYUN61038,CHN,,412412717,28.5,125.4000015258789,29.0,125.9000015258789,2026-04-21T00:00:00.000Z,2026-04-21T06:00:00.000Z,gfw-0088,vessel_presence,6.0,true,true,,,,,,,,,2026-04-26T06:34:07.000Z,2026-04-26T06:34:07.000Z,2026-04-26T06:34:07.000Z,
89,0.95,2026-04-21T06:00:00.000Z,GFW_4WINGS,412422831,ZHE PU YU YOU 80316,CHN,,412422831,29.9,122.30000305175781,29.9,122.30000305175781,2026-04-21T00:00:00.000Z,2026-04-21T06:00:00.000Z,gfw-0089,vessel_presence,6.0,true,true,,,,,,,,,2026-04-26T06:34:07.000Z,2026-04-26T06:34:07.000Z,2026-04-26T06:34:07.000Z,
90,0.95,2026-04-21T06:00:00.000Z,GFW_4WINGS,412439446,ZHEXIANGYU32035,CHN,,412439446,31.4,124.0999984741211,31.4,124.19999694824219,2026-04-21T00:00:00.000Z,2026-04-21T06:00:00.000Z,gfw-0090,vessel_presence,6.0,true,true,,,,,,,,,2026-04-26T06:34:07.000Z,2026-04-26T06:34:07.000Z,2026-04-26T06:34:07.000Z,
91,0.95,2026-04-21T06:00:00.000Z,GFW_4WINGS,412439587,EN ZE 8,CHN,,412439587,-46.1,-60.29999923706055,-46.2,-60.29999923706055,2026-04-21T00:00:00.000Z,2026-04-21T06:00:00.000Z,gfw-0091,vessel_presence,6.0,true,true,,,,,,,,,2026-04-26T06:34:07.000Z,2026-04-26T06:34:07.000Z,2026-04-26T06:34:07.000Z,
92,0.95,2026-04-21T06:00:00.000Z,GFW_4WINGS,412464153,HUA NAN YU 702,CHN,,412464153,3.2,169.39999389648438,3.2,169.10000610351562,2026-04-21T00:00:00.000Z,2026-04-21T06:00:00.000Z,gfw-0092,vessel_presence,6.0,true,false,,,,,,,,,2026-04-26T06:34:07.000Z,2026-04-26T06:34:07.000Z,2026-04-26T06:34:07.000Z,
93,0.95,2026-04-21T06:00:00.000Z,GFW_4WINGS,412478624,YUESUIYU65305,CHN,,412478624,21.1,110.5,21.1,110.5,2026-04-21T00:00:00.000Z,2026-04-21T06:00:00.000Z,gfw-0093,vessel_presence,6.0,true,true,,,,,,,,,2026-04-26T06:34:07.000Z,2026-04-26T06:34:07.000Z,2026-04-26T06:34:07.000Z,
94,0.95,2026-04-21T06:00:00.000Z,GFW_4WINGS,412479874,YUEMAOBINYU54055,CHN,,412479874,21.5,111.19999694824219,21.4,111.0999984741211,2026-04-21T00:00:00.000Z,2026-04-21T06:00:00.000Z,gfw-0094,vessel_presence,6.0,true,true,,,,,,,,,2026-04-26T06:34:07.000Z,2026-04-26T06:34:07.000Z,2026-04-26T06:34:07.000Z,
95,0.95,2026-04-21T06:00:00.000Z,GFW_4WINGS,412481071,MINFUDINGYU06306,CHN,,412481071,28.2,123.19999694824219,28.2,123.0999984741211,2026-04-21T00:00:00.000Z,2026-04-21T06:00:00.000Z,gfw-0095,vessel_presence,6.0,true,true,,,,,,,,,2026-04-26T06:34:07.000Z,2026-04-26T06:34:07.000Z,2026-04-26T06:34:07.000Z,
96,0.95,2026-04-21T06:00:00.000Z,GFW_4WINGS,412481188,YUEDIANYU83333,CHN,,412481188,21.5,111.0999984741211,21.5,111.0999984741211,2026-04-21T00:00:00.000Z,2026-04-21T06:00:00.000Z,gfw-0096,vessel_presence,6.0,true,true,,,,,,,,,2026-04-26T06:34:07.000Z,2026-04-26T06:34:07.000Z,2026-04-26T06:34:07.000Z,
97,0.95,2026-04-21T06:00:00.000Z,GFW_4WINGS,412482984,SHENHUI04,CHN,,412482984,3.6,53.29999923706055,3.4,53.400001525878906,2026-04-21T00:00:00.000Z,2026-04-21T06:00:00.000Z,gfw-0097,vessel_presence,6.0,true,true,,,,,,,,,2026-04-26T06:34:07.000Z,2026-04-26T06:34:07.000Z,2026-04-26T06:34:07.000Z,
98,0.95,2026-04-21T06:00:00.000Z,GFW_4WINGS,412487513,YUESUIYU62222,CHN,,412487513,21.1,110.5,21.1,110.5,2026-04-21T00:00:00.000Z,2026-04-21T06:00:00.000Z,gfw-0098,vessel_presence,6.0,true,true,,,,,,,,,2026-04-26T06:34:07.000Z,2026-04-26T06:34:07.000Z,2026-04-26T06:34:07.000Z,
99,0.95,2026-04-21T06:00:00.000Z,GFW_4WINGS,412488778,YUEZHUYU53112,CHN,,412488778,21.9,113.19999694824219,21.9,113.19999694824219,2026-04-21T00:00:00.000Z,2026-04-21T06:00:00.000Z,gfw-0099,vessel_presence,6.0,true,true,,,,,,,,,2026-04-26T06:34:07.000Z,2026-04-26T06:34:07.000Z,2026-04-26T06:34:07.000Z,
100,0.95,2026-04-21T06:00:00.000Z,GFW_4WINGS,412502272,GUIFANGYUPAI2895,CHN,,412502272,21.6,108.4000015258789,21.6,108.4000015258789,2026-04-21T00:00:00.000Z,2026-04-21T06:00:00.000Z,gfw-0100,vessel_presence,6.0,true,true,,,,,,,,,2026-04-26T06:34:07.000Z,2026-04-26T06:34:07.000Z,2026-04-26T06:34:07.000Z,
101,0.95,2026-04-21T06:00:00.000Z,GFW_4WINGS,412532971,YUEXUYU22247,CHN,,412532971,20.2,110.19999694824219,20.2,110.19999694824219,2026-04-21T00:00:00.000Z,2026-04-21T06:00:00.000Z,gfw-0101,vessel_presence,6.0,true,true,,,,,,,,,2026-04-26T06:34:07.000Z,2026-04-26T06:34:07.000Z,2026-04-26T06:34:07.000Z,
102,0.95,2026-04-21T06:00:00.000Z,GFW_4WINGS,412542041,QIONGDANYU0,CHN,,412542041,19.8,109.0,19.7,109.0999984741211,2026-04-21T00:00:00.000Z,2026-04-21T06:00:00.000Z,gfw-0102,vessel_presence,6.0,true,true,,,,,,,,,2026-04-26T06:34:07.000Z,2026-04-26T06:34:07.000Z,2026-04-26T06:34:07.000Z,
103,0.95,2026-04-21T06:00:00.000Z,GFW_4WINGS,412549016,ZHAN HAI 001,CHN,,412549016,-42.1,-58.099998474121094,-42.0,-58.0,2026-04-21T00:00:00.000Z,2026-04-21T06:00:00.000Z,gfw-0103,vessel_presence,6.0,true,true,,,,,,,,,2026-04-26T06:34:07.000Z,2026-04-26T06:34:07.000Z,2026-04-26T06:34:07.000Z,
104,0.95,2026-04-21T06:00:00.000Z,GFW_4WINGS,412549196,GUOJIN901,CHN,,412549196,15.1,-17.299999237060547,15.1,-17.299999237060547,2026-04-21T00:00:00.000Z,2026-04-21T06:00:00.000Z,gfw-0104,vessel_presence,6.0,true,true,,,,,,,,,2026-04-26T06:34:07.000Z,2026-04-26T06:34:07.000Z,2026-04-26T06:34:07.000Z,
105,0.95,2026-04-21T06:00:00.000Z,GFW_4WINGS,412549235,CPMC 18,CHN,,412549235,20.4,-17.299999237060547,20.3,-17.399999618530273,2026-04-21T00:00:00.000Z,2026-04-21T06:00:00.000Z,gfw-0105,vessel_presence,6.0,true,true,,,,,,,,,2026-04-26T06:34:07.000Z,2026-04-26T06:34:07.000Z,2026-04-26T06:34:07.000Z,
106,0.95,2026-04-21T06:00:00.000Z,GFW_4WINGS,412549247,YUAN YU880,CHN,,412549247,20.9,-17.0,20.9,-17.0,2026-04-21T00:00:00.000Z,2026-04-21T06:00:00.000Z,gfw-0106,vessel_presence,6.0,true,true,,,,,,,,,2026-04-26T06:34:07.000Z,2026-04-26T06:34:07.000Z,2026-04-26T06:34:07.000Z,
107,0.95,2026-04-21T06:00:00.000Z,GFW_4WINGS,413324610,CHUN TIAN 2 HAO,CHN,,413324610,21.7,111.80000305175781,21.7,111.80000305175781,2026-04-21T00:00:00.000Z,2026-04-21T06:00:00.000Z,gfw-0107,vessel_presence,6.0,true,true,,,,,,,,,2026-04-26T06:34:07.000Z,2026-04-26T06:34:07.000Z,2026-04-26T06:34:07.000Z,
108,0.95,2026-04-21T06:00:00.000Z,GFW_4WINGS,413329950,SHUN LI 66,CHN,,413329950,36.0,120.30000305175781,36.0,120.30000305175781,2026-04-21T00:00:00.000Z,2026-04-21T06:00:00.000Z,gfw-0108,vessel_presence,6.0,true,true,,,,,,,,,2026-04-26T06:34:07.000Z,2026-04-26T06:34:07.000Z,2026-04-26T06:34:07.000Z,
109,0.95,2026-04-21T06:00:00.000Z,GFW_4WINGS,413389830,XIN TIAN 16,CHN,,413389830,21.6,108.4000015258789,21.7,108.4000015258789,2026-04-21T00:00:00.000Z,2026-04-21T06:00:00.000Z,gfw-0109,vessel_presence,6.0,true,true,,,,,,,,,2026-04-26T06:34:07.000Z,2026-04-26T06:34:07.000Z,2026-04-26T06:34:07.000Z,
110,0.95,2026-04-21T06:00:00.000Z,GFW_4WINGS,413459180,YONG FA YUN 10,CHN,,413459180,-45.1,-59.79999923706055,-45.2,-59.79999923706055,2026-04-21T00:00:00.000Z,2026-04-21T06:00:00.000Z,gfw-0110,vessel_presence,6.0,true,true,,,,,,,,,2026-04-26T06:34:07.000Z,2026-04-26T06:34:07.000Z,2026-04-26T06:34:07.000Z,
111,0.95,2026-04-21T06:00:00.000Z,GFW_4WINGS,413494610,YONGSHIFENG999,CHN,,413494610,21.6,108.30000305175781,21.6,108.30000305175781,2026-04-21T00:00:00.000Z,2026-04-21T06:00:00.000Z,gfw-0111,vessel_presence,6.0,true,true,,,,,,,,,2026-04-26T06:34:07.000Z,2026-04-26T06:34:07.000Z,2026-04-26T06:34:07.000Z,
112,0.95,2026-04-21T06:00:00.000Z,GFW_4WINGS,413502010,YUAN SHUN DA 88,CHN,,413502010,21.1,110.5,21.1,110.5,2026-04-21T00:00:00.000Z,2026-04-21T06:00:00.000Z,gfw-0112,vessel_presence,6.0,true,true,,,,,,,,,2026-04-26T06:34:07.000Z,2026-04-26T06:34:07.000Z,2026-04-26T06:34:07.000Z,
113,0.95,2026-04-21T06:00:00.000Z,GFW_4WINGS,413575980,ZHONG ZHENG 006,CHN,,413575980,21.6,109.5999984741211,21.6,109.5999984741211,2026-04-21T00:00:00.000Z,2026-04-21T06:00:00.000Z,gfw-0113,vessel_presence,6.0,true,true,,,,,,,,,2026-04-26T06:34:07.000Z,2026-04-26T06:34:07.000Z,2026-04-26T06:34:07.000Z,
114,0.95,2026-04-21T06:00:00.000Z,GFW_4WINGS,413790011,YONGTAI898,CHN,,413790011,31.5,121.4000015258789,31.5,121.4000015258789,2026-04-21T00:00:00.000Z,2026-04-21T06:00:00.000Z,gfw-0114,vessel_presence,6.0,true,true,,,,,,,,,2026-04-26T06:34:07.000Z,2026-04-26T06:34:07.000Z,2026-04-26T06:34:07.000Z,
115,0.95,2026-04-21T06:00:00.000Z,GFW_4WINGS,413828633,WAN ZHENG HUA136,CHN,,413828633,32.0,120.80000305175781,32.0,120.80000305175781,2026-04-21T00:00:00.000Z,2026-04-21T06:00:00.000Z,gfw-0115,vessel_presence,6.0,true,true,,,,,,,,,2026-04-26T06:34:07.000Z,2026-04-26T06:34:07.000Z,2026-04-26T06:34:07.000Z,
116,0.95,2026-04-21T06:00:00.000Z,GFW_4WINGS,413843811,SUFANGYUANHUO6953,CHN,,413843811,31.3,121.4000015258789,31.3,121.4000015258789,2026-04-21T00:00:00.000Z,2026-04-21T06:00:00.000Z,gfw-0116,vessel_presence,6.0,true,true,,,,,,,,,2026-04-26T06:34:07.000Z,2026-04-26T06:34:07.000Z,2026-04-26T06:34:07.000Z,
117,0.95,2026-04-21T06:00:00.000Z,GFW_4WINGS,413846576,CHANGFENGJIAOCE1,CHN,,413846576,31.8,121.0,31.8,121.0,2026-04-21T00:00:00.000Z,2026-04-21T06:00:00.000Z,gfw-0117,vessel_presence,6.0,true,true,,,,,,,,,2026-04-26T06:34:07.000Z,2026-04-26T06:34:07.000Z,2026-04-26T06:34:07.000Z,
118,0.95,2026-04-21T06:00:00.000Z,GFW_4WINGS,413955339,SUZHONGCHUAN0058,CHN,,413955339,32.0,120.0999984741211,32.0,120.0999984741211,2026-04-21T00:00:00.000Z,2026-04-21T06:00:00.000Z,gfw-0118,vessel_presence,6.0,true,true,,,,,,,,,2026-04-26T06:34:07.000Z,2026-04-26T06:34:07.000Z,2026-04-26T06:34:07.000Z,
119,0.95,2026-04-21T06:00:00.000Z,GFW_4WINGS,413997483,TIANSHENG528,CHN,,413997483,31.9,120.19999694824219,31.9,120.19999694824219,2026-04-21T00:00:00.000Z,2026-04-21T06:00:00.000Z,gfw-0119,vessel_presence,6.0,true,true,,,,,,,,,2026-04-26T06:34:07.000Z,2026-04-26T06:34:07.000Z,2026-04-26T06:34:07.000Z,
120,0.95,2026-04-21T06:00:00.000Z,GFW_4WINGS,416005006,AN FONG NO.138,TWN,,416005006,-50.4,-57.900001525878906,-50.7,-57.900001525878906,2026-04-21T00:00:00.000Z,2026-04-21T06:00:00.000Z,gfw-0120,vessel_presence,6.0,true,true,,,,,,,,,2026-04-26T06:34:07.000Z,2026-04-26T06:34:07.000Z,2026-04-26T06:34:07.000Z,
121,0.95,2026-04-21T06:00:00.000Z,GFW_4WINGS,416005007,AN FONG 168,TWN,,416005007,-50.9,-63.20000076293945,-50.9,-63.20000076293945,2026-04-21T00:00:00.000Z,2026-04-21T06:00:00.000Z,gfw-0121,vessel_presence,6.0,true,true,,,,,,,,,2026-04-26T06:34:07.000Z,2026-04-26T06:34:07.000Z,2026-04-26T06:34:07.000Z,
122,0.95,2026-04-21T06:00:00.000Z,GFW_4WINGS,416005752,GUO TONG 101,TWN,,416005752,-51.2,-63.20000076293945,-51.2,-63.099998474121094,2026-04-21T00:00:00.000Z,2026-04-21T06:00:00.000Z,gfw-0122,vessel_presence,6.0,true,true,,,,,,,,,2026-04-26T06:34:07.000Z,2026-04-26T06:34:07.000Z,2026-04-26T06:34:07.000Z,
123,0.95,2026-04-21T06:00:00.000Z,GFW_4WINGS,416005931,ZI DA WANG,TWN,,416005931,-50.8,-60.099998474121094,-51.0,-59.900001525878906,2026-04-21T00:00:00.000Z,2026-04-21T06:00:00.000Z,gfw-0123,vessel_presence,6.0,true,true,,,,,,,,,2026-04-26T06:34:07.000Z,2026-04-26T06:34:07.000Z,2026-04-26T06:34:07.000Z,
124,0.95,2026-04-21T06:00:00.000Z,GFW_4WINGS,416146700,KAO FONG NO817,TWN,,416146700,-33.9,18.399999618530273,-33.9,18.399999618530273,2026-04-21T00:00:00.000Z,2026-04-21T06:00:00.000Z,gfw-0124,vessel_presence,6.0,true,false,,,,,,,,,2026-04-26T06:34:07.000Z,2026-04-26T06:34:07.000Z,2026-04-26T06:34:07.000Z,
125,0.95,2026-04-21T06:00:00.000Z,GFW_4WINGS,416222700,JIN HUNG MAN,TWN,,416222700,4.2,177.60000610351562,4.4,177.5,2026-04-21T00:00:00.000Z,2026-04-21T06:00:00.000Z,gfw-0125,vessel_presence,6.0,true,false,,,,,,,,,2026-04-26T06:34:07.000Z,2026-04-26T06:34:07.000Z,2026-04-26T06:34:07.000Z,
126,0.95,2026-04-21T06:00:00.000Z,GFW_4WINGS,417008965,IMUL A 0089BCO,LKA,,417008965,6.0,81.5,6.0,81.30000305175781,2026-04-21T00:00:00.000Z,2026-04-21T06:00:00.000Z,gfw-0126,vessel_presence,6.0,true,true,,,,,,,,,2026-04-26T06:34:07.000Z,2026-04-26T06:34:07.000Z,2026-04-26T06:34:07.000Z,
127,0.95,2026-04-21T06:00:00.000Z,GFW_4WINGS,417071147,IMULA 0711 TLE,LKA,,417071147,6.1,81.0999984741211,6.1,81.19999694824219,2026-04-21T00:00:00.000Z,2026-04-21T06:00:00.000Z,gfw-0127,vessel_presence,6.0,true,true,,,,,,,,,2026-04-26T06:34:07.000Z,2026-04-26T06:34:07.000Z,2026-04-26T06:34:07.000Z,
128,0.95,2026-04-21T06:00:00.000Z,GFW_4WINGS,417222385,VASABHA,LKA,,417222385,6.1,81.0999984741211,6.1,81.0999984741211,2026-04-21T00:00:00.000Z,2026-04-21T06:00:00.000Z,gfw-0128,vessel_presence,6.0,true,true,,,,,,,,,2026-04-26T06:34:07.000Z,2026-04-26T06:34:07.000Z,2026-04-26T06:34:07.000Z,
129,0.95,2026-04-21T06:00:00.000Z,GFW_4WINGS,419000133,BAHUDA,IND,,419000133,17.7,83.30000305175781,17.7,83.30000305175781,2026-04-21T00:00:00.000Z,2026-04-21T06:00:00.000Z,gfw-0129,vessel_presence,6.0,true,true,,,,,,,,,2026-04-26T06:34:07.000Z,2026-04-26T06:34:07.000Z,2026-04-26T06:34:07.000Z,
130,0.95,2026-04-21T06:00:00.000Z,GFW_4WINGS,419000312,VISHVA VIJAY,IND,,419000312,-14.5,40.70000076293945,-14.5,40.70000076293945,2026-04-21T00:00:00.000Z,2026-04-21T06:00:00.000Z,gfw-0130,vessel_presence,6.0,true,true,,,,,,,,,2026-04-26T06:34:07.000Z,2026-04-26T06:34:07.000Z,2026-04-26T06:34:07.000Z,
131,0.95,2026-04-21T06:00:00.000Z,GFW_4WINGS,419000641,GANESHWAR,IND,,419000641,20.3,86.69999694824219,20.3,86.69999694824219,2026-04-21T00:00:00.000Z,2026-04-21T06:00:00.000Z,gfw-0131,vessel_presence,6.0,true,true,,,,,,,,,2026-04-26T06:34:07.000Z,2026-04-26T06:34:07.000Z,2026-04-26T06:34:07.000Z,
132,0.95,2026-04-21T06:00:00.000Z,GFW_4WINGS,419001278,CG 35,IND,,419001278,17.1,82.4000015258789,17.0,82.30000305175781,2026-04-21T00:00:00.000Z,2026-04-21T06:00:00.000Z,gfw-0132,vessel_presence,6.0,true,true,,,,,,,,,2026-04-26T06:34:07.000Z,2026-04-26T06:34:07.000Z,2026-04-26T06:34:07.000Z,
133,0.95,2026-04-21T06:00:00.000Z,GFW_4WINGS,419001557,DOLPHIN NO.31,IND,,419001557,20.8,87.0,20.8,87.0,2026-04-21T00:00:00.000Z,2026-04-21T06:00:00.000Z,gfw-0133,vessel_presence,6.0,true,true,,,,,,,,,2026-04-26T06:34:07.000Z,2026-04-26T06:34:07.000Z,2026-04-26T06:34:07.000Z,
134,0.95,2026-04-21T06:00:00.000Z,GFW_4WINGS,419672203,P L SURENDRA SAI,IND,,419672203,20.3,86.69999694824219,20.3,86.69999694824219,2026-04-21T00:00:00.000Z,2026-04-21T06:00:00.000Z,gfw-0134,vessel_presence,6.0,true,true,,,,,,,,,2026-04-26T06:34:07.000Z,2026-04-26T06:34:07.000Z,2026-04-26T06:34:07.000Z,
135,0.95,2026-04-21T06:00:00.000Z,GFW_4WINGS,432444000,KINEI MARU NO.135,JPN,,432444000,-35.4,20.299999237060547,-35.4,20.799999237060547,2026-04-21T00:00:00.000Z,2026-04-21T06:00:00.000Z,gfw-0135,vessel_presence,6.0,true,false,,,,,,,,,2026-04-26T06:34:07.000Z,2026-04-26T06:34:07.000Z,2026-04-26T06:34:07.000Z,
136,0.95,2026-04-21T06:00:00.000Z,GFW_4WINGS,440006810,5005HAEKWANG,KOR,,440006810,34.7,126.4000015258789,34.7,126.4000015258789,2026-04-21T00:00:00.000Z,2026-04-21T06:00:00.000Z,gfw-0136,vessel_presence,6.0,true,true,,,,,,,,,2026-04-26T06:34:07.000Z,2026-04-26T06:34:07.000Z,2026-04-26T06:34:07.000Z,
137,0.95,2026-04-21T06:00:00.000Z,GFW_4WINGS,440528000,PRATIDINA NO.28,KOR,,440528000,-46.6,-60.5,-45.9,-60.099998474121094,2026-04-21T00:00:00.000Z,2026-04-21T06:00:00.000Z,gfw-0137,vessel_presence,6.0,true,true,,,,,,,,,2026-04-26T06:34:07.000Z,2026-04-26T06:34:07.000Z,2026-04-26T06:34:07.000Z,
138,0.95,2026-04-21T06:00:00.000Z,GFW_4WINGS,440701310,100G0RAE,KOR,,440701310,33.4,126.0,33.4,126.0,2026-04-21T00:00:00.000Z,2026-04-21T06:00:00.000Z,gfw-0138,vessel_presence,6.0,true,true,,,,,,,,,2026-04-26T06:34:07.000Z,2026-04-26T06:34:07.000Z,2026-04-26T06:34:07.000Z,
139,0.95,2026-04-21T06:00:00.000Z,GFW_4WINGS,441389000,BLUE OCEAN,KOR,,441389000,-46.6,-60.29999923706055,-46.9,-60.5,2026-04-21T00:00:00.000Z,2026-04-21T06:00:00.000Z,gfw-0139,vessel_presence,6.0,true,true,,,,,,,,,2026-04-26T06:34:07.000Z,2026-04-26T06:34:07.000Z,2026-04-26T06:34:07.000Z,
140,0.95,2026-04-21T06:00:00.000Z,GFW_4WINGS,441430000,OYANG 88,KOR,,441430000,-42.3,-58.29999923706055,-42.3,-58.29999923706055,2026-04-21T00:00:00.000Z,2026-04-21T06:00:00.000Z,gfw-0140,vessel_presence,6.0,true,true,,,,,,,,,2026-04-26T06:34:07.000Z,2026-04-26T06:34:07.000Z,2026-04-26T06:34:07.000Z,
141,0.95,2026-04-21T06:00:00.000Z,GFW_4WINGS,477325800,SPRING HONOR,HKG,,477325800,-13.0,40.5,-13.0,40.5,2026-04-21T00:00:00.000Z,2026-04-21T06:00:00.000Z,gfw-0141,vessel_presence,6.0,true,true,,,,,,,,,2026-04-26T06:34:07.000Z,2026-04-26T06:34:07.000Z,2026-04-26T06:34:07.000Z,
142,0.95,2026-04-21T06:00:00.000Z,GFW_4WINGS,477397100,MAGSENGER 3,HKG,,477397100,15.4,108.80000305175781,15.4,108.80000305175781,2026-04-21T00:00:00.000Z,2026-04-21T06:00:00.000Z,gfw-0142,vessel_presence,6.0,true,true,,,,,,,,,2026-04-26T06:34:07.000Z,2026-04-26T06:34:07.000Z,2026-04-26T06:34:07.000Z,
143,0.95,2026-04-21T06:00:00.000Z,GFW_4WINGS,477454400,HIGHLAND CHIEF,HKG,,477454400,-9.4,160.0,-9.4,160.0,2026-04-21T00:00:00.000Z,2026-04-21T06:00:00.000Z,gfw-0143,vessel_presence,6.0,true,false,,,,,,,,,2026-04-26T06:34:07.000Z,2026-04-26T06:34:07.000Z,2026-04-26T06:34:07.000Z,
144,0.95,2026-04-21T06:00:00.000Z,GFW_4WINGS,477655800,OOCL CHARLESTON,HKG,,477655800,8.0,92.4000015258789,8.5,91.19999694824219,2026-04-21T00:00:00.000Z,2026-04-21T06:00:00.000Z,gfw-0144,vessel_presence,6.0,true,true,,,,,,,,,2026-04-26T06:34:07.000Z,2026-04-26T06:34:07.000Z,2026-04-26T06:34:07.000Z,
145,0.95,2026-04-21T06:00:00.000Z,GFW_4WINGS,477890500,MAERSK SALALAH,HKG,,477890500,23.1,-16.899999618530273,24.3,-16.100000381469727,2026-04-21T00:00:00.000Z,2026-04-21T06:00:00.000Z,gfw-0145,vessel_presence,6.0,true,true,,,,,,,,,2026-04-26T06:34:07.000Z,2026-04-26T06:34:07.000Z,2026-04-26T06:34:07.000Z,
146,0.95,2026-04-21T06:00:00.000Z,GFW_4WINGS,477895800,WEN CHENG,HKG,,477895800,25.6,-17.600000381469727,26.8,-17.0,2026-04-21T00:00:00.000Z,2026-04-21T06:00:00.000Z,gfw-0146,vessel_presence,6.0,true,true,,,,,,,,,2026-04-26T06:34:07.000Z,2026-04-26T06:34:07.000Z,2026-04-26T06:34:07.000Z,
147,0.95,2026-04-21T06:00:00.000Z,GFW_4WINGS,503041070,JOLI G II,AUS,,503041070,-12.5,130.8000030517578,-12.5,130.8000030517578,2026-04-21T00:00:00.000Z,2026-04-21T06:00:00.000Z,gfw-0147,vessel_presence,6.0,true,false,,,,,,,,,2026-04-26T06:34:07.000Z,2026-04-26T06:34:07.000Z,2026-04-26T06:34:07.000Z,
148,0.95,2026-04-21T06:00:00.000Z,GFW_4WINGS,503111870,ILUKA,AUS,,503111870,-12.4,130.89999389648438,-12.4,130.89999389648438,2026-04-21T00:00:00.000Z,2026-04-21T06:00:00.000Z,gfw-0148,vessel_presence,6.0,true,false,,,,,,,,,2026-04-26T06:34:07.000Z,2026-04-26T06:34:07.000Z,2026-04-26T06:34:07.000Z,
149,0.95,2026-04-21T06:00:00.000Z,GFW_4WINGS,503175410,UNMANNED 710,AUS,,503175410,-12.5,130.8000030517578,-12.5,130.8000030517578,2026-04-21T00:00:00.000Z,2026-04-21T06:00:00.000Z,gfw-0149,vessel_presence,6.0,true,false,,,,,,,,,2026-04-26T06:34:07.000Z,2026-04-26T06:34:07.000Z,2026-04-26T06:34:07.000Z,
150,0.95,2026-04-21T06:00:00.000Z,GFW_4WINGS,503352600,DAYMIRRI 2,AUS,,503352600,-12.5,130.8000030517578,-12.5,130.8000030517578,2026-04-21T00:00:00.000Z,2026-04-21T06:00:00.000Z,gfw-0150,vessel_presence,6.0,true,false,,,,,,,,,2026-04-26T06:34:07.000Z,2026-04-26T06:34:07.000Z,2026-04-26T06:34:07.000Z,
151,0.95,2026-04-21T06:00:00.000Z,GFW_4WINGS,511000039,511-39 40%,PLW,,511000039,37.9,123.19999694824219,37.9,123.19999694824219,2026-04-21T00:00:00.000Z,2026-04-21T06:00:00.000Z,gfw-0151,vessel_presence,6.0,true,true,,,,,,,,,2026-04-26T06:34:07.000Z,2026-04-26T06:34:07.000Z,2026-04-26T06:34:07.000Z,
152,0.95,2026-04-21T06:00:00.000Z,GFW_4WINGS,511100711,SUVARI REIS,PLW,,511100711,10.5,45.0,10.5,45.0,2026-04-21T00:00:00.000Z,2026-04-21T06:00:00.000Z,gfw-0152,vessel_presence,6.0,true,true,,,,,,,,,2026-04-26T06:34:07.000Z,2026-04-26T06:34:07.000Z,2026-04-26T06:34:07.000Z,
153,0.95,2026-04-21T06:00:00.000Z,GFW_4WINGS,525000305,KN. PRAJAPATI,IDN,,525000305,-7.7,109.0,-7.7,109.0,2026-04-21T00:00:00.000Z,2026-04-21T06:00:00.000Z,gfw-0153,vessel_presence,6.0,true,true,,,,,,,,,2026-04-26T06:34:07.000Z,2026-04-26T06:34:07.000Z,2026-04-26T06:34:07.000Z,
154,0.95,2026-04-21T06:00:00.000Z,GFW_4WINGS,525006216,MT.NONI.T,IDN,,525006216,-3.7,128.1999969482422,-3.7,128.1999969482422,2026-04-21T00:00:00.000Z,2026-04-21T06:00:00.000Z,gfw-0154,vessel_presence,6.0,true,false,,,,,,,,,2026-04-26T06:34:07.000Z,2026-04-26T06:34:07.000Z,2026-04-26T06:34:07.000Z,
155,0.95,2026-04-21T06:00:00.000Z,GFW_4WINGS,525007206,COSL 223,IDN,,525007206,-5.0,106.4000015258789,-5.0,106.4000015258789,2026-04-21T00:00:00.000Z,2026-04-21T06:00:00.000Z,gfw-0155,vessel_presence,6.0,true,true,,,,,,,,,2026-04-26T06:34:07.000Z,2026-04-26T06:34:07.000Z,2026-04-26T06:34:07.000Z,
156,0.95,2026-04-21T06:00:00.000Z,GFW_4WINGS,525007331,TB.DUTA KAPUAS 17,IDN,,525007331,-5.5,105.30000305175781,-5.5,105.30000305175781,2026-04-21T00:00:00.000Z,2026-04-21T06:00:00.000Z,gfw-0156,vessel_presence,6.0,true,true,,,,,,,,,2026-04-26T06:34:07.000Z,2026-04-26T06:34:07.000Z,2026-04-26T06:34:07.000Z,
157,0.95,2026-04-21T06:00:00.000Z,GFW_4WINGS,525009296,FERIMAS AKBAR,IDN,,525009296,-7.2,112.69999694824219,-7.2,112.69999694824219,2026-04-21T00:00:00.000Z,2026-04-21T06:00:00.000Z,gfw-0157,vessel_presence,6.0,true,true,,,,,,,,,2026-04-26T06:34:07.000Z,2026-04-26T06:34:07.000Z,2026-04-26T06:34:07.000Z,
158,0.95,2026-04-21T06:00:00.000Z,GFW_4WINGS,525015058,TEMBAGA 3,IDN,,525015058,-4.8,136.8000030517578,-4.8,136.8000030517578,2026-04-21T00:00:00.000Z,2026-04-21T06:00:00.000Z,gfw-0158,vessel_presence,6.0,true,false,,,,,,,,,2026-04-26T06:34:07.000Z,2026-04-26T06:34:07.000Z,2026-04-26T06:34:07.000Z,
159,0.95,2026-04-21T06:00:00.000Z,GFW_4WINGS,525015950,KMP.POTTRE KONENG.,IDN,,525015950,-8.1,114.4000015258789,-8.2,114.4000015258789,2026-04-21T00:00:00.000Z,2026-04-21T06:00:00.000Z,gfw-0159,vessel_presence,6.0,true,true,,,,,,,,,2026-04-26T06:34:07.000Z,2026-04-26T06:34:07.000Z,2026-04-26T06:34:07.000Z,
160,0.95,2026-04-21T06:00:00.000Z,GFW_4WINGS,525021076,TB.PANCARAN 111,IDN,,525021076,-3.3,116.0999984741211,-3.3,116.0999984741211,2026-04-21T00:00:00.000Z,2026-04-21T06:00:00.000Z,gfw-0160,vessel_presence,6.0,true,true,,,,,,,,,2026-04-26T06:34:07.000Z,2026-04-26T06:34:07.000Z,2026-04-26T06:34:07.000Z,
161,0.95,2026-04-21T06:00:00.000Z,GFW_4WINGS,525022326,ASL PISCES,IDN,,525022326,-6.7,108.5999984741211,-6.7,108.5999984741211,2026-04-21T00:00:00.000Z,2026-04-21T06:00:00.000Z,gfw-0161,vessel_presence,6.0,true,true,,,,,,,,,2026-04-26T06:34:07.000Z,2026-04-26T06:34:07.000Z,2026-04-26T06:34:07.000Z,
162,0.95,2026-04-21T06:00:00.000Z,GFW_4WINGS,525100329,TB BUANA ETERNITY 3,IDN,,525100329,-7.1,112.69999694824219,-7.1,112.69999694824219,2026-04-21T00:00:00.000Z,2026-04-21T06:00:00.000Z,gfw-0162,vessel_presence,6.0,true,true,,,,,,,,,2026-04-26T06:34:07.000Z,2026-04-26T06:34:07.000Z,2026-04-26T06:34:07.000Z,
163,0.95,2026-04-21T06:00:00.000Z,GFW_4WINGS,525100599,KARYA TANGGUH 2201,IDN,,525100599,-5.5,105.4000015258789,-5.6,105.30000305175781,2026-04-21T00:00:00.000Z,2026-04-21T06:00:00.000Z,gfw-0163,vessel_presence,6.0,true,true,,,,,,,,,2026-04-26T06:34:07.000Z,2026-04-26T06:34:07.000Z,2026-04-26T06:34:07.000Z,
164,0.95,2026-04-21T06:00:00.000Z,GFW_4WINGS,525101103,SABUK NUSANTARA 71,IDN,,525101103,-4.3,129.39999389648438,-4.5,129.89999389648438,2026-04-21T00:00:00.000Z,2026-04-21T06:00:00.000Z,gfw-0164,vessel_presence,6.0,true,false,,,,,,,,,2026-04-26T06:34:07.000Z,2026-04-26T06:34:07.000Z,2026-04-26T06:34:07.000Z,
165,0.95,2026-04-21T06:00:00.000Z,GFW_4WINGS,525112356,525112356,IDN,,525112356,-8.7,115.5999984741211,-8.7,115.5999984741211,2026-04-21T00:00:00.000Z,2026-04-21T06:00:00.000Z,gfw-0165,vessel_presence,6.0,true,true,,,,,,,,,2026-04-26T06:34:07.000Z,2026-04-26T06:34:07.000Z,2026-04-26T06:34:07.000Z,
166,0.95,2026-04-21T06:00:00.000Z,GFW_4WINGS,525119016,LIMIN ASD 43,IDN,,525119016,-7.4,113.80000305175781,-7.4,113.80000305175781,2026-04-21T00:00:00.000Z,2026-04-21T06:00:00.000Z,gfw-0166,vessel_presence,6.0,true,true,,,,,,,,,2026-04-26T06:34:07.000Z,2026-04-26T06:34:07.000Z,2026-04-26T06:34:07.000Z,
167,0.95,2026-04-21T06:00:00.000Z,GFW_4WINGS,525119104,HABCO PIONEER,IDN,,525119104,-5.6,114.5999984741211,-5.0,114.9000015258789,2026-04-21T00:00:00.000Z,2026-04-21T06:00:00.000Z,gfw-0167,vessel_presence,6.0,true,true,,,,,,,,,2026-04-26T06:34:07.000Z,2026-04-26T06:34:07.000Z,2026-04-26T06:34:07.000Z,
168,0.95,2026-04-21T06:00:00.000Z,GFW_4WINGS,525201349,LCT.NIAGA SAMUDRA-9,IDN,,525201349,-7.2,112.69999694824219,-7.2,112.69999694824219,2026-04-21T00:00:00.000Z,2026-04-21T06:00:00.000Z,gfw-0168,vessel_presence,6.0,true,true,,,,,,,,,2026-04-26T06:34:07.000Z,2026-04-26T06:34:07.000Z,2026-04-26T06:34:07.000Z,
169,0.95,2026-04-21T06:00:00.000Z,GFW_4WINGS,525400058,TB.ETI 301,IDN,,525400058,-3.9,115.30000305175781,-3.9,115.30000305175781,2026-04-21T00:00:00.000Z,2026-04-21T06:00:00.000Z,gfw-0169,vessel_presence,6.0,true,true,,,,,,,,,2026-04-26T06:34:07.000Z,2026-04-26T06:34:07.000Z,2026-04-26T06:34:07.000Z,
170,0.95,2026-04-21T06:00:00.000Z,GFW_4WINGS,525700153,MT AVIANI,IDN,,525700153,-7.2,112.69999694824219,-7.2,112.69999694824219,2026-04-21T00:00:00.000Z,2026-04-21T06:00:00.000Z,gfw-0170,vessel_presence,6.0,true,true,,,,,,,,,2026-04-26T06:34:07.000Z,2026-04-26T06:34:07.000Z,2026-04-26T06:34:07.000Z,
171,0.95,2026-04-21T06:00:00.000Z,GFW_4WINGS,525700889,MT KENCANA 89,IDN,,525700889,-6.1,106.9000015258789,-6.1,106.9000015258789,2026-04-21T00:00:00.000Z,2026-04-21T06:00:00.000Z,gfw-0171,vessel_presence,6.0,true,true,,,,,,,,,2026-04-26T06:34:07.000Z,2026-04-26T06:34:07.000Z,2026-04-26T06:34:07.000Z,
172,0.95,2026-04-21T06:00:00.000Z,GFW_4WINGS,525701786,NADINE PUTRI,IDN,,525701786,-6.1,135.10000610351562,-5.7,134.89999389648438,2026-04-21T00:00:00.000Z,2026-04-21T06:00:00.000Z,gfw-0172,vessel_presence,6.0,true,false,,,,,,,,,2026-04-26T06:34:07.000Z,2026-04-26T06:34:07.000Z,2026-04-26T06:34:07.000Z,
173,0.95,2026-04-21T06:00:00.000Z,GFW_4WINGS,525800153,KT.ANOMAN VIII,IDN,,525800153,-5.1,119.4000015258789,-5.1,119.4000015258789,2026-04-21T00:00:00.000Z,2026-04-21T06:00:00.000Z,gfw-0173,vessel_presence,6.0,true,true,,,,,,,,,2026-04-26T06:34:07.000Z,2026-04-26T06:34:07.000Z,2026-04-26T06:34:07.000Z,
174,0.95,2026-04-21T06:00:00.000Z,GFW_4WINGS,525801124,JAYA ELO 186,IDN,,525801124,-5.9,106.0999984741211,-5.9,106.0999984741211,2026-04-21T00:00:00.000Z,2026-04-21T06:00:00.000Z,gfw-0174,vessel_presence,6.0,true,true,,,,,,,,,2026-04-26T06:34:07.000Z,2026-04-26T06:34:07.000Z,2026-04-26T06:34:07.000Z,
175,0.95,2026-04-21T06:00:00.000Z,GFW_4WINGS,525801494,DANIA,IDN,,525801494,-3.7,128.1999969482422,-3.7,128.1999969482422,2026-04-21T00:00:00.000Z,2026-04-21T06:00:00.000Z,gfw-0175,vessel_presence,6.0,true,false,,,,,,,,,2026-04-26T06:34:07.000Z,2026-04-26T06:34:07.000Z,2026-04-26T06:34:07.000Z,
176,0.95,2026-04-21T06:00:00.000Z,GFW_4WINGS,525801579,JAYA AVONA 16,IDN,,525801579,-3.9,128.6999969482422,-3.8,128.3000030517578,2026-04-21T00:00:00.000Z,2026-04-21T06:00:00.000Z,gfw-0176,vessel_presence,6.0,true,false,,,,,,,,,2026-04-26T06:34:07.000Z,2026-04-26T06:34:07.000Z,2026-04-26T06:34:07.000Z,
177,0.95,2026-04-21T06:00:00.000Z,GFW_4WINGS,525811223,PUTRA MANDIRI,IDN,,525811223,-8.7,135.3000030517578,-8.7,135.1999969482422,2026-04-21T00:00:00.000Z,2026-04-21T06:00:00.000Z,gfw-0177,vessel_presence,6.0,true,false,,,,,,,,,2026-04-26T06:34:07.000Z,2026-04-26T06:34:07.000Z,2026-04-26T06:34:07.000Z,
178,0.95,2026-04-21T06:00:00.000Z,GFW_4WINGS,525901070,KSA 178,IDN,,525901070,-6.1,107.0,-6.1,107.0,2026-04-21T00:00:00.000Z,2026-04-21T06:00:00.000Z,gfw-0178,vessel_presence,6.0,true,true,,,,,,,,,2026-04-26T06:34:07.000Z,2026-04-26T06:34:07.000Z,2026-04-26T06:34:07.000Z,
179,0.95,2026-04-21T06:00:00.000Z,GFW_4WINGS,525901637,ANGGRAINI SPIRIT,IDN,,525901637,-3.9,132.3000030517578,-4.3,133.0,2026-04-21T00:00:00.000Z,2026-04-21T06:00:00.000Z,gfw-0179,vessel_presence,6.0,true,false,,,,,,,,,2026-04-26T06:34:07.000Z,2026-04-26T06:34:07.000Z,2026-04-26T06:34:07.000Z,
180,0.95,2026-04-21T06:00:00.000Z,GFW_4WINGS,525901816,JHONI LXIII,IDN,,525901816,-3.4,116.0,-3.4,116.0,2026-04-21T00:00:00.000Z,2026-04-21T06:00:00.000Z,gfw-0180,vessel_presence,6.0,true,true,,,,,,,,,2026-04-26T06:34:07.000Z,2026-04-26T06:34:07.000Z,2026-04-26T06:34:07.000Z,
181,0.95,2026-04-21T06:00:00.000Z,GFW_4WINGS,529035000,TEMANIM 03,KIR,,529035000,0.9,172.10000610351562,0.8,172.10000610351562,2026-04-21T00:00:00.000Z,2026-04-21T06:00:00.000Z,gfw-0181,vessel_presence,6.0,true,false,,,,,,,,,2026-04-26T06:34:07.000Z,2026-04-26T06:34:07.000Z,2026-04-26T06:34:07.000Z,
182,0.95,2026-04-21T06:00:00.000Z,GFW_4WINGS,538002633,STAR NASIA,MHL,,538002633,-22.8,37.29999923706055,-23.5,37.0,2026-04-21T00:00:00.000Z,2026-04-21T06:00:00.000Z,gfw-0182,vessel_presence,6.0,true,true,,,,,,,,,2026-04-26T06:34:07.000Z,2026-04-26T06:34:07.000Z,2026-04-26T06:34:07.000Z,
183,0.95,2026-04-21T06:00:00.000Z,GFW_4WINGS,538003908,PAPA JOHN,MHL,,538003908,-33.0,18.0,-33.0,18.0,2026-04-21T00:00:00.000Z,2026-04-21T06:00:00.000Z,gfw-0183,vessel_presence,6.0,true,false,,,,,,,,,2026-04-26T06:34:07.000Z,2026-04-26T06:34:07.000Z,2026-04-26T06:34:07.000Z,
184,0.95,2026-04-21T06:00:00.000Z,GFW_4WINGS,538005653,NCC YANBU,MHL,,538005653,-6.4,-81.19999694824219,-5.5,-81.5,2026-04-21T00:00:00.000Z,2026-04-21T06:00:00.000Z,gfw-0184,vessel_presence,6.0,true,true,,,,,,,,,2026-04-26T06:34:07.000Z,2026-04-26T06:34:07.000Z,2026-04-26T06:34:07.000Z,
185,0.95,2026-04-21T06:00:00.000Z,GFW_4WINGS,538006076,STI SOLIDARITY,MHL,,538006076,6.1,90.0,6.2,91.0999984741211,2026-04-21T00:00:00.000Z,2026-04-21T06:00:00.000Z,gfw-0185,vessel_presence,6.0,true,true,,,,,,,,,2026-04-26T06:34:07.000Z,2026-04-26T06:34:07.000Z,2026-04-26T06:34:07.000Z,
186,0.95,2026-04-21T06:00:00.000Z,GFW_4WINGS,538008516,NORD VANGUARD,MHL,,538008516,-18.7,41.400001525878906,-19.7,41.0,2026-04-21T00:00:00.000Z,2026-04-21T06:00:00.000Z,gfw-0186,vessel_presence,6.0,true,true,,,,,,,,,2026-04-26T06:34:07.000Z,2026-04-26T06:34:07.000Z,2026-04-26T06:34:07.000Z,
187,0.95,2026-04-21T06:00:00.000Z,GFW_4WINGS,538009129,SUNRISE I,MHL,,538009129,55.7,-174.60000610351562,56.3,-173.8000030517578,2026-04-21T00:00:00.000Z,2026-04-21T06:00:00.000Z,gfw-0187,vessel_presence,6.0,true,false,,,,,,,,,2026-04-26T06:34:07.000Z,2026-04-26T06:34:07.000Z,2026-04-26T06:34:07.000Z,
188,0.95,2026-04-21T06:00:00.000Z,GFW_4WINGS,538009780,BOW FLORA,MHL,,538009780,6.0,85.4000015258789,6.0,86.5,2026-04-21T00:00:00.000Z,2026-04-21T06:00:00.000Z,gfw-0188,vessel_presence,6.0,true,true,,,,,,,,,2026-04-26T06:34:07.000Z,2026-04-26T06:34:07.000Z,2026-04-26T06:34:07.000Z,
189,0.95,2026-04-21T06:00:00.000Z,GFW_4WINGS,538009854,UOG HARRIET G,MHL,,538009854,-33.7,17.600000381469727,-33.0,17.0,2026-04-21T00:00:00.000Z,2026-04-21T06:00:00.000Z,gfw-0189,vessel_presence,6.0,true,false,,,,,,,,,2026-04-26T06:34:07.000Z,2026-04-26T06:34:07.000Z,2026-04-26T06:34:07.000Z,
190,0.95,2026-04-21T06:00:00.000Z,GFW_4WINGS,538010302,MARIMYR A,MHL,,538010302,8.2,83.19999694824219,8.2,83.30000305175781,2026-04-21T00:00:00.000Z,2026-04-21T06:00:00.000Z,gfw-0190,vessel_presence,6.0,true,true,,,,,,,,,2026-04-26T06:34:07.000Z,2026-04-26T06:34:07.000Z,2026-04-26T06:34:07.000Z,
191,0.95,2026-04-21T06:00:00.000Z,GFW_4WINGS,538010770,GULF BARAKAH,MHL,,538010770,6.1,53.0,5.1,52.29999923706055,2026-04-21T00:00:00.000Z,2026-04-21T06:00:00.000Z,gfw-0191,vessel_presence,6.0,true,true,,,,,,,,,2026-04-26T06:34:07.000Z,2026-04-26T06:34:07.000Z,2026-04-26T06:34:07.000Z,
192,0.95,2026-04-21T06:00:00.000Z,GFW_4WINGS,538010999,STAR VESTA,MHL,,538010999,18.0,-18.0,17.2,-18.100000381469727,2026-04-21T00:00:00.000Z,2026-04-21T06:00:00.000Z,gfw-0192,vessel_presence,6.0,true,true,,,,,,,,,2026-04-26T06:34:07.000Z,2026-04-26T06:34:07.000Z,2026-04-26T06:34:07.000Z,
193,0.95,2026-04-21T06:00:00.000Z,GFW_4WINGS,538011233,YOGA,MHL,,538011233,-17.5,41.0,-16.7,41.599998474121094,2026-04-21T00:00:00.000Z,2026-04-21T06:00:00.000Z,gfw-0193,vessel_presence,6.0,true,true,,,,,,,,,2026-04-26T06:34:07.000Z,2026-04-26T06:34:07.000Z,2026-04-26T06:34:07.000Z,
194,0.95,2026-04-21T06:00:00.000Z,GFW_4WINGS,538011455,ADVANTAGE PASSION,MHL,,538011455,0.3,54.79999923706055,0.0,54.70000076293945,2026-04-21T00:00:00.000Z,2026-04-21T06:00:00.000Z,gfw-0194,vessel_presence,6.0,true,true,,,,,,,,,2026-04-26T06:34:07.000Z,2026-04-26T06:34:07.000Z,2026-04-26T06:34:07.000Z,
195,0.95,2026-04-21T06:00:00.000Z,GFW_4WINGS,538011483,ATLANTIS AMSTERDAM,MHL,,538011483,-33.9,18.399999618530273,-33.9,18.399999618530273,2026-04-21T00:00:00.000Z,2026-04-21T06:00:00.000Z,gfw-0195,vessel_presence,6.0,true,false,,,,,,,,,2026-04-26T06:34:07.000Z,2026-04-26T06:34:07.000Z,2026-04-26T06:34:07.000Z,
196,0.95,2026-04-21T06:00:00.000Z,GFW_4WINGS,538072122,LAUNCHPAD,MHL,,538072122,-1.0,-90.5,-1.2,-90.4000015258789,2026-04-21T00:00:00.000Z,2026-04-21T06:00:00.000Z,gfw-0196,vessel_presence,6.0,true,true,,,,,,,,,2026-04-26T06:34:07.000Z,2026-04-26T06:34:07.000Z,2026-04-26T06:34:07.000Z,
197,0.95,2026-04-21T06:00:00.000Z,GFW_4WINGS,563077100,SELINA H,SGP,,563077100,5.2,93.5999984741211,5.4,93.9000015258789,2026-04-21T00:00:00.000Z,2026-04-21T06:00:00.000Z,gfw-0197,vessel_presence,6.0,true,true,,,,,,,,,2026-04-26T06:34:07.000Z,2026-04-26T06:34:07.000Z,2026-04-26T06:34:07.000Z,
198,0.95,2026-04-21T06:00:00.000Z,GFW_4WINGS,563150200,PATAGONMAN,SGP,,563150200,-15.2,-76.30000305175781,-14.6,-76.80000305175781,2026-04-21T00:00:00.000Z,2026-04-21T06:00:00.000Z,gfw-0198,vessel_presence,6.0,true,true,,,,,,,,,2026-04-26T06:34:07.000Z,2026-04-26T06:34:07.000Z,2026-04-26T06:34:07.000Z,
199,0.95,2026-04-21T06:00:00.000Z,GFW_4WINGS,563236500,SPICA ETERNITY,SGP,,563236500,-42.9,-59.5,-42.2,-59.0,2026-04-21T00:00:00.000Z,2026-04-21T06:00:00.000Z,gfw-0199,vessel_presence,6.0,true,true,,,,,,,,,2026-04-26T06:34:07.000Z,2026-04-26T06:34:07.000Z,2026-04-26T06:34:07.000Z,
200,0.95,2026-04-21T06:00:00.000Z,GFW_4WINGS,564407000,VANUATU CHIEF,SGP,,564407000,-7.9,152.10000610351562,-8.1,153.3000030517578,2026-04-21T00:00:00.000Z,2026-04-21T06:00:00.000Z,gfw-0200,vessel_presence,6.0,true,false,,,,,,,,,2026-04-26T06:34:07.000Z,2026-04-26T06:34:07.000Z,2026-04-26T06:34:07.000Z,
201,0.95,2026-04-21T06:00:00.000Z,GFW_4WINGS,566473000,EPIC SULA,SGP,,566473000,5.5,5.699999809265137,5.5,5.699999809265137,2026-04-21T00:00:00.000Z,2026-04-21T06:00:00.000Z,gfw-0201,vessel_presence,6.0,true,true,,,,,,,,,2026-04-26T06:34:07.000Z,2026-04-26T06:34:07.000Z,2026-04-26T06:34:07.000Z,
202,0.95,2026-04-21T06:00:00.000Z,GFW_4WINGS,572846220,HANUMA,TUV,,572846220,17.0,82.30000305175781,17.0,82.30000305175781,2026-04-21T00:00:00.000Z,2026-04-21T06:00:00.000Z,gfw-0202,vessel_presence,6.0,true,true,,,,,,,,,2026-04-26T06:34:07.000Z,2026-04-26T06:34:07.000Z,2026-04-26T06:34:07.000Z,
203,0.95,2026-04-21T06:00:00.000Z,GFW_4WINGS,574004380,TM HAI HA 818,VNM,,574004380,0.0,54.599998474121094,0.4,54.900001525878906,2026-04-21T00:00:00.000Z,2026-04-21T06:00:00.000Z,gfw-0203,vessel_presence,6.0,true,true,,,,,,,,,2026-04-26T06:34:07.000Z,2026-04-26T06:34:07.000Z,2026-04-26T06:34:07.000Z,
204,0.95,2026-04-21T06:00:00.000Z,GFW_4WINGS,574567475,DUNG KHANG,VNM,,574567475,12.7,111.0,12.6,111.0999984741211,2026-04-21T00:00:00.000Z,2026-04-21T06:00:00.000Z,gfw-0204,vessel_presence,6.0,true,true,,,,,,,,,2026-04-26T06:34:07.000Z,2026-04-26T06:34:07.000Z,2026-04-26T06:34:07.000Z,
205,0.95,2026-04-21T06:00:00.000Z,GFW_4WINGS,574708035,98372 14B4,VNM,,574708035,11.3,109.69999694824219,11.2,109.5999984741211,2026-04-21T00:00:00.000Z,2026-04-21T06:00:00.000Z,gfw-0205,vessel_presence,6.0,true,true,,,,,,,,,2026-04-26T06:34:07.000Z,2026-04-26T06:34:07.000Z,2026-04-26T06:34:07.000Z,
206,0.95,2026-04-21T06:00:00.000Z,GFW_4WINGS,577100000,FONG HAI NO.11,VUT,,577100000,-45.8,-60.599998474121094,-45.8,-60.599998474121094,2026-04-21T00:00:00.000Z,2026-04-21T06:00:00.000Z,gfw-0206,vessel_presence,6.0,true,true,,,,,,,,,2026-04-26T06:34:07.000Z,2026-04-26T06:34:07.000Z,2026-04-26T06:34:07.000Z,
207,0.95,2026-04-21T06:00:00.000Z,GFW_4WINGS,577662000,HAI XIANG 7,VUT,,577662000,-46.0,-60.20000076293945,-45.6,-60.099998474121094,2026-04-21T00:00:00.000Z,2026-04-21T06:00:00.000Z,gfw-0207,vessel_presence,6.0,true,true,,,,,,,,,2026-04-26T06:34:07.000Z,2026-04-26T06:34:07.000Z,2026-04-26T06:34:07.000Z,
208,0.95,2026-04-21T06:00:00.000Z,GFW_4WINGS,601004900,SEASTAR,ZAF,,601004900,-34.2,24.899999618530273,-34.2,24.899999618530273,2026-04-21T00:00:00.000Z,2026-04-21T06:00:00.000Z,gfw-0208,vessel_presence,6.0,true,false,,,,,,,,,2026-04-26T06:34:07.000Z,2026-04-26T06:34:07.000Z,2026-04-26T06:34:07.000Z,
209,0.95,2026-04-21T06:00:00.000Z,GFW_4WINGS,601326000,PORTUNITY,ZAF,,601326000,-34.2,22.100000381469727,-34.2,22.100000381469727,2026-04-21T00:00:00.000Z,2026-04-21T06:00:00.000Z,gfw-0209,vessel_presence,6.0,true,false,,,,,,,,,2026-04-26T06:34:07.000Z,2026-04-26T06:34:07.000Z,2026-04-26T06:34:07.000Z,
210,0.95,2026-04-21T06:00:00.000Z,GFW_4WINGS,620745000,MERINOS LIVESTOCK,COM,,620745000,11.3,49.099998474121094,11.3,49.099998474121094,2026-04-21T00:00:00.000Z,2026-04-21T06:00:00.000Z,gfw-0210,vessel_presence,6.0,true,true,,,,,,,,,2026-04-26T06:34:07.000Z,2026-04-26T06:34:07.000Z,2026-04-26T06:34:07.000Z,
211,0.95,2026-04-21T06:00:00.000Z,GFW_4WINGS,620800175,YAMEELA,COM,,620800175,-12.2,44.400001525878906,-12.2,44.400001525878906,2026-04-21T00:00:00.000Z,2026-04-21T06:00:00.000Z,gfw-0211,vessel_presence,6.0,true,true,,,,,,,,,2026-04-26T06:34:07.000Z,2026-04-26T06:34:07.000Z,2026-04-26T06:34:07.000Z,
212,0.95,2026-04-21T06:00:00.000Z,GFW_4WINGS,627175000,T.T.ADDY,GHA,,627175000,5.6,0.0,5.6,0.0,2026-04-21T00:00:00.000Z,2026-04-21T06:00:00.000Z,gfw-0212,vessel_presence,6.0,true,true,,,,,,,,,2026-04-26T06:34:07.000Z,2026-04-26T06:34:07.000Z,2026-04-26T06:34:07.000Z,
213,0.95,2026-04-21T06:00:00.000Z,GFW_4WINGS,629009346,PILOT WHALE,GMB,,629009346,19.4,-17.100000381469727,20.2,-17.700000762939453,2026-04-21T00:00:00.000Z,2026-04-21T06:00:00.000Z,gfw-0213,vessel_presence,6.0,true,true,,,,,,,,,2026-04-26T06:34:07.000Z,2026-04-26T06:34:07.000Z,2026-04-26T06:34:07.000Z,
214,0.95,2026-04-21T06:00:00.000Z,GFW_4WINGS,635218000,ALBIUS,ATF,,635218000,-49.7,67.5,-49.7,67.4000015258789,2026-04-21T00:00:00.000Z,2026-04-21T06:00:00.000Z,gfw-0214,vessel_presence,6.0,true,false,,,,,,,,,2026-04-26T06:34:07.000Z,2026-04-26T06:34:07.000Z,2026-04-26T06:34:07.000Z,
215,0.95,2026-04-21T06:00:00.000Z,GFW_4WINGS,636015761,ALMI SKY,LBR,,636015761,20.1,86.80000305175781,19.8,86.80000305175781,2026-04-21T00:00:00.000Z,2026-04-21T06:00:00.000Z,gfw-0215,vessel_presence,6.0,true,true,,,,,,,,,2026-04-26T06:34:07.000Z,2026-04-26T06:34:07.000Z,2026-04-26T06:34:07.000Z,
216,0.95,2026-04-21T06:00:00.000Z,GFW_4WINGS,636015787,BONITO,LBR,,636015787,-45.9,-60.0,-45.6,-60.0,2026-04-21T00:00:00.000Z,2026-04-21T06:00:00.000Z,gfw-0216,vessel_presence,6.0,true,true,,,,,,,,,2026-04-26T06:34:07.000Z,2026-04-26T06:34:07.000Z,2026-04-26T06:34:07.000Z,
217,0.95,2026-04-21T06:00:00.000Z,GFW_4WINGS,636017133,DAYTONA BEACH,LBR,,636017133,-17.0,39.599998474121094,-16.3,40.20000076293945,2026-04-21T00:00:00.000Z,2026-04-21T06:00:00.000Z,gfw-0217,vessel_presence,6.0,true,true,,,,,,,,,2026-04-26T06:34:07.000Z,2026-04-26T06:34:07.000Z,2026-04-26T06:34:07.000Z,
218,0.95,2026-04-21T06:00:00.000Z,GFW_4WINGS,636019127,HAI XING,LBR,,636019127,-44.8,-59.099998474121094,-44.8,-59.20000076293945,2026-04-21T00:00:00.000Z,2026-04-21T06:00:00.000Z,gfw-0218,vessel_presence,6.0,true,true,,,,,,,,,2026-04-26T06:34:07.000Z,2026-04-26T06:34:07.000Z,2026-04-26T06:34:07.000Z,
219,0.95,2026-04-21T06:00:00.000Z,GFW_4WINGS,636019590,THASSOS WARRIOR,LBR,,636019590,-17.8,41.20000076293945,-18.4,40.599998474121094,2026-04-21T00:00:00.000Z,2026-04-21T06:00:00.000Z,gfw-0219,vessel_presence,6.0,true,true,,,,,,,,,2026-04-26T06:34:07.000Z,2026-04-26T06:34:07.000Z,2026-04-26T06:34:07.000Z,
220,0.95,2026-04-21T06:00:00.000Z,GFW_4WINGS,636020445,636020445,LBR,,636020445,1.8,54.099998474121094,2.3,54.5,2026-04-21T00:00:00.000Z,2026-04-21T06:00:00.000Z,gfw-0220,vessel_presence,6.0,true,true,,,,,,,,,2026-04-26T06:34:07.000Z,2026-04-26T06:34:07.000Z,2026-04-26T06:34:07.000Z,
221,0.95,2026-04-21T06:00:00.000Z,GFW_4WINGS,636020664,ECO CZAR,LBR,,636020664,0.1,55.79999923706055,0.3,56.0,2026-04-21T00:00:00.000Z,2026-04-21T06:00:00.000Z,gfw-0221,vessel_presence,6.0,true,true,,,,,,,,,2026-04-26T06:34:07.000Z,2026-04-26T06:34:07.000Z,2026-04-26T06:34:07.000Z,
222,0.95,2026-04-21T06:00:00.000Z,GFW_4WINGS,636020783,MSC MATTINA,LBR,,636020783,4.9,-1.7000000476837158,4.9,-1.7000000476837158,2026-04-21T00:00:00.000Z,2026-04-21T06:00:00.000Z,gfw-0222,vessel_presence,6.0,true,true,,,,,,,,,2026-04-26T06:34:07.000Z,2026-04-26T06:34:07.000Z,2026-04-26T06:34:07.000Z,
223,0.95,2026-04-21T06:00:00.000Z,GFW_4WINGS,636021177,FORTUNE COOKIE,LBR,,636021177,48.0,155.6999969482422,47.6,154.6999969482422,2026-04-21T00:00:00.000Z,2026-04-21T06:00:00.000Z,gfw-0223,vessel_presence,6.0,true,false,,,,,,,,,2026-04-26T06:34:07.000Z,2026-04-26T06:34:07.000Z,2026-04-26T06:34:07.000Z,
224,0.95,2026-04-21T06:00:00.000Z,GFW_4WINGS,636021240,BOKM QINGDAO,LBR,,636021240,-34.7,22.0,-34.6,22.600000381469727,2026-04-21T00:00:00.000Z,2026-04-21T06:00:00.000Z,gfw-0224,vessel_presence,6.0,true,false,,,,,,,,,2026-04-26T06:34:07.000Z,2026-04-26T06:34:07.000Z,2026-04-26T06:34:07.000Z,
225,0.95,2026-04-21T06:00:00.000Z,GFW_4WINGS,636022260,VALERY ROMA,LBR,,636022260,5.2,54.599998474121094,4.5,54.0,2026-04-21T00:00:00.000Z,2026-04-21T06:00:00.000Z,gfw-0225,vessel_presence,6.0,true,true,,,,,,,,,2026-04-26T06:34:07.000Z,2026-04-26T06:34:07.000Z,2026-04-26T06:34:07.000Z,
226,0.95,2026-04-21T06:00:00.000Z,GFW_4WINGS,636022417,LC MILADY,LBR,,636022417,17.6,83.30000305175781,17.6,83.30000305175781,2026-04-21T00:00:00.000Z,2026-04-21T06:00:00.000Z,gfw-0226,vessel_presence,6.0,true,true,,,,,,,,,2026-04-26T06:34:07.000Z,2026-04-26T06:34:07.000Z,2026-04-26T06:34:07.000Z,
227,0.95,2026-04-21T06:00:00.000Z,GFW_4WINGS,636024741,MINERVA VASO,LBR,,636024741,-23.0,37.20000076293945,-23.9,36.70000076293945,2026-04-21T00:00:00.000Z,2026-04-21T06:00:00.000Z,gfw-0227,vessel_presence,6.0,true,true,,,,,,,,,2026-04-26T06:34:07.000Z,2026-04-26T06:34:07.000Z,2026-04-26T06:34:07.000Z,
228,0.95,2026-04-21T06:00:00.000Z,GFW_4WINGS,636024784,DUNE,LBR,,636024784,17.3,-19.700000762939453,18.2,-19.700000762939453,2026-04-21T00:00:00.000Z,2026-04-21T06:00:00.000Z,gfw-0228,vessel_presence,6.0,true,true,,,,,,,,,2026-04-26T06:34:07.000Z,2026-04-26T06:34:07.000Z,2026-04-26T06:34:07.000Z,
229,0.95,2026-04-21T06:00:00.000Z,GFW_4WINGS,636024879,CPG PHOEBE,LBR,,636024879,-13.0,40.5,-13.0,40.5,2026-04-21T00:00:00.000Z,2026-04-21T06:00:00.000Z,gfw-0229,vessel_presence,6.0,true,true,,,,,,,,,2026-04-26T06:34:07.000Z,2026-04-26T06:34:07.000Z,2026-04-26T06:34:07.000Z,
230,0.95,2026-04-21T06:00:00.000Z,GFW_4WINGS,636025133,YAMI BENEFIT,LBR,,636025133,-12.7,-77.0999984741211,-13.7,-76.9000015258789,2026-04-21T00:00:00.000Z,2026-04-21T06:00:00.000Z,gfw-0230,vessel_presence,6.0,true,true,,,,,,,,,2026-04-26T06:34:07.000Z,2026-04-26T06:34:07.000Z,2026-04-26T06:34:07.000Z,
231,0.95,2026-04-21T06:00:00.000Z,GFW_4WINGS,636025796,GW MATHILDE,LBR,,636025796,20.4,-18.700000762939453,19.6,-19.200000762939453,2026-04-21T00:00:00.000Z,2026-04-21T06:00:00.000Z,gfw-0231,vessel_presence,6.0,true,true,,,,,,,,,2026-04-26T06:34:07.000Z,2026-04-26T06:34:07.000Z,2026-04-26T06:34:07.000Z,
232,0.95,2026-04-21T06:00:00.000Z,GFW_4WINGS,636093224,UAFL LIBERTY,LBR,,636093224,-12.2,44.400001525878906,-12.2,44.400001525878906,2026-04-21T00:00:00.000Z,2026-04-21T06:00:00.000Z,gfw-0232,vessel_presence,6.0,true,true,,,,,,,,,2026-04-26T06:34:07.000Z,2026-04-26T06:34:07.000Z,2026-04-26T06:34:07.000Z,
233,0.95,2026-04-21T06:00:00.000Z,GFW_4WINGS,657183700,GUARDIAN 10,NGA,,657183700,3.5,6.0,3.6,6.599999904632568,2026-04-21T00:00:00.000Z,2026-04-21T06:00:00.000Z,gfw-0233,vessel_presence,6.0,true,true,,,,,,,,,2026-04-26T06:34:07.000Z,2026-04-26T06:34:07.000Z,2026-04-26T06:34:07.000Z,
234,0.95,2026-04-21T06:00:00.000Z,GFW_4WINGS,657191200,ST WALGA,NGA,,657191200,6.1,1.2999999523162842,6.1,1.2999999523162842,2026-04-21T00:00:00.000Z,2026-04-21T06:00:00.000Z,gfw-0234,vessel_presence,6.0,true,true,,,,,,,,,2026-04-26T06:34:07.000Z,2026-04-26T06:34:07.000Z,2026-04-26T06:34:07.000Z,
235,0.95,2026-04-21T06:00:00.000Z,GFW_4WINGS,657199300,MAKANA,NGA,,657199300,4.1,6.300000190734863,4.1,6.300000190734863,2026-04-21T00:00:00.000Z,2026-04-21T06:00:00.000Z,gfw-0235,vessel_presence,6.0,true,true,,,,,,,,,2026-04-26T06:34:07.000Z,2026-04-26T06:34:07.000Z,2026-04-26T06:34:07.000Z,
236,0.95,2026-04-21T06:00:00.000Z,GFW_4WINGS,657210000,AGBAMI FPSO,NGA,,657210000,3.5,5.599999904632568,3.5,5.599999904632568,2026-04-21T00:00:00.000Z,2026-04-21T06:00:00.000Z,gfw-0236,vessel_presence,6.0,true,true,,,,,,,,,2026-04-26T06:34:07.000Z,2026-04-26T06:34:07.000Z,2026-04-26T06:34:07.000Z,
237,0.95,2026-04-21T06:00:00.000Z,GFW_4WINGS,657225000,SEVEN STARS IV,NGA,,657225000,4.1,6.699999809265137,4.1,6.699999809265137,2026-04-21T00:00:00.000Z,2026-04-21T06:00:00.000Z,gfw-0237,vessel_presence,6.0,true,true,,,,,,,,,2026-04-26T06:34:07.000Z,2026-04-26T06:34:07.000Z,2026-04-26T06:34:07.000Z,
238,0.95,2026-04-21T06:00:00.000Z,GFW_4WINGS,657248800,LEVANTO,NGA,,657248800,6.4,3.299999952316284,6.4,3.299999952316284,2026-04-21T00:00:00.000Z,2026-04-21T06:00:00.000Z,gfw-0238,vessel_presence,6.0,true,true,,,,,,,,,2026-04-26T06:34:07.000Z,2026-04-26T06:34:07.000Z,2026-04-26T06:34:07.000Z,
239,0.95,2026-04-21T06:00:00.000Z,GFW_4WINGS,657303700,SAINT PATRICK,NGA,,657303700,4.4,8.0,4.4,8.0,2026-04-21T00:00:00.000Z,2026-04-21T06:00:00.000Z,gfw-0239,vessel_presence,6.0,true,true,,,,,,,,,2026-04-26T06:34:07.000Z,2026-04-26T06:34:07.000Z,2026-04-26T06:34:07.000Z,
240,0.95,2026-04-21T06:00:00.000Z,GFW_4WINGS,657377000,BERGER RELIANCE,NGA,,657377000,4.7,7.099999904632568,4.7,7.099999904632568,2026-04-21T00:00:00.000Z,2026-04-21T06:00:00.000Z,gfw-0240,vessel_presence,6.0,true,true,,,,,,,,,2026-04-26T06:34:07.000Z,2026-04-26T06:34:07.000Z,2026-04-26T06:34:07.000Z,
241,0.95,2026-04-21T06:00:00.000Z,GFW_4WINGS,657906000,MIDEN JUANITA,NGA,,657906000,5.2,5.199999809265137,5.2,5.199999809265137,2026-04-21T00:00:00.000Z,2026-04-21T06:00:00.000Z,gfw-0241,vessel_presence,6.0,true,true,,,,,,,,,2026-04-26T06:34:07.000Z,2026-04-26T06:34:07.000Z,2026-04-26T06:34:07.000Z,
242,0.95,2026-04-21T06:00:00.000Z,GFW_4WINGS,667002270,SAPNA,SLE,,667002270,11.9,45.099998474121094,12.0,44.70000076293945,2026-04-21T00:00:00.000Z,2026-04-21T06:00:00.000Z,gfw-0242,vessel_presence,6.0,true,true,,,,,,,,,2026-04-26T06:34:07.000Z,2026-04-26T06:34:07.000Z,2026-04-26T06:34:07.000Z,
243,0.95,2026-04-21T06:00:00.000Z,GFW_4WINGS,671034300,VB LOME,TGO,,671034300,6.1,1.2999999523162842,6.1,1.2999999523162842,2026-04-21T00:00:00.000Z,2026-04-21T06:00:00.000Z,gfw-0243,vessel_presence,6.0,true,true,,,,,,,,,2026-04-26T06:34:07.000Z,2026-04-26T06:34:07.000Z,2026-04-26T06:34:07.000Z,
244,0.95,2026-04-21T06:00:00.000Z,GFW_4WINGS,671742000,HAJH GHSN J,TGO,,671742000,10.4,45.0,10.4,45.0,2026-04-21T00:00:00.000Z,2026-04-21T06:00:00.000Z,gfw-0244,vessel_presence,6.0,true,true,,,,,,,,,2026-04-26T06:34:07.000Z,2026-04-26T06:34:07.000Z,2026-04-26T06:34:07.000Z,
245,0.95,2026-04-21T06:00:00.000Z,GFW_4WINGS,671882000,TRUST 1,TGO,,671882000,10.4,44.900001525878906,10.4,44.900001525878906,2026-04-21T00:00:00.000Z,2026-04-21T06:00:00.000Z,gfw-0245,vessel_presence,6.0,true,true,,,,,,,,,2026-04-26T06:34:07.000Z,2026-04-26T06:34:07.000Z,2026-04-26T06:34:07.000Z,
246,0.95,2026-04-21T06:00:00.000Z,GFW_4WINGS,701000932,ANTONIO ALVAREZ,ARG,,701000932,-42.1,-61.900001525878906,-42.4,-62.70000076293945,2026-04-21T00:00:00.000Z,2026-04-21T06:00:00.000Z,gfw-0246,vessel_presence,6.0,true,true,,,,,,,,,2026-04-26T06:34:07.000Z,2026-04-26T06:34:07.000Z,2026-04-26T06:34:07.000Z,
247,0.95,2026-04-21T06:00:00.000Z,GFW_4WINGS,735023427,JESUS DEL GRAN PODER,ECU,,735023427,0.5,-91.69999694824219,1.1,-91.80000305175781,2026-04-21T00:00:00.000Z,2026-04-21T06:00:00.000Z,gfw-0247,vessel_presence,6.0,true,true,,,,,,,,,2026-04-26T06:34:07.000Z,2026-04-26T06:34:07.000Z,2026-04-26T06:34:07.000Z,
248,0.95,2026-04-21T06:00:00.000Z,GFW_4WINGS,735023429,SEA LION,ECU,,735023429,-0.5,-90.30000305175781,-0.5,-90.30000305175781,2026-04-21T00:00:00.000Z,2026-04-21T06:00:00.000Z,gfw-0248,vessel_presence,6.0,true,true,,,,,,,,,2026-04-26T06:34:07.000Z,2026-04-26T06:34:07.000Z,2026-04-26T06:34:07.000Z,
249,0.95,2026-04-21T06:00:00.000Z,GFW_4WINGS,735023470,CORAL 1,ECU,,735023470,-0.2,-90.30000305175781,0.3,-89.9000015258789,2026-04-21T00:00:00.000Z,2026-04-21T06:00:00.000Z,gfw-0249,vessel_presence,6.0,true,true,,,,,,,,,2026-04-26T06:34:07.000Z,2026-04-26T06:34:07.000Z,2026-04-26T06:34:07.000Z,
250,0.95,2026-04-21T06:00:00.000Z,GFW_4WINGS,735023474,EDEN,ECU,,735023474,-0.7,-90.30000305175781,-0.7,-90.30000305175781,2026-04-21T00:00:00.000Z,2026-04-21T06:00:00.000Z,gfw-0250,vessel_presence,6.0,true,true,,,,,,,,,2026-04-26T06:34:07.000Z,2026-04-26T06:34:07.000Z,2026-04-26T06:34:07.000Z,
251,0.95,2026-04-21T06:00:00.000Z,GFW_4WINGS,735023481,CALIPSO,ECU,,735023481,-0.9,-90.30000305175781,-0.6,-90.19999694824219,2026-04-21T00:00:00.000Z,2026-04-21T06:00:00.000Z,gfw-0251,vessel_presence,6.0,true,true,,,,,,,,,2026-04-26T06:34:07.000Z,2026-04-26T06:34:07.000Z,2026-04-26T06:34:07.000Z,
252,0.95,2026-04-21T06:00:00.000Z,GFW_4WINGS,735057505,BELUGA,ECU,,735057505,0.0,-90.19999694824219,-0.3,-90.5999984741211,2026-04-21T00:00:00.000Z,2026-04-21T06:00:00.000Z,gfw-0252,vessel_presence,6.0,true,true,,,,,,,,,2026-04-26T06:34:07.000Z,2026-04-26T06:34:07.000Z,2026-04-26T06:34:07.000Z,
253,0.95,2026-04-21T06:00:00.000Z,GFW_4WINGS,735057521,ALTAMAR,ECU,,735057521,-0.5,-90.30000305175781,-0.5,-90.30000305175781,2026-04-21T00:00:00.000Z,2026-04-21T06:00:00.000Z,gfw-0253,vessel_presence,6.0,true,true,,,,,,,,,2026-04-26T06:34:07.000Z,2026-04-26T06:34:07.000Z,2026-04-26T06:34:07.000Z,
254,0.95,2026-04-21T06:00:00.000Z,GFW_4WINGS,735057539,PINGUINO EXPLORER,ECU,,735057539,-0.8,-90.30000305175781,-0.8,-90.30000305175781,2026-04-21T00:00:00.000Z,2026-04-21T06:00:00.000Z,gfw-0254,vessel_presence,6.0,true,true,,,,,,,,,2026-04-26T06:34:07.000Z,2026-04-26T06:34:07.000Z,2026-04-26T06:34:07.000Z,
255,0.95,2026-04-21T06:00:00.000Z,GFW_4WINGS,735057700,TIP TOP 4,ECU,,735057700,-0.8,-90.0999984741211,-0.7,-90.30000305175781,2026-04-21T00:00:00.000Z,2026-04-21T06:00:00.000Z,gfw-0255,vessel_presence,6.0,true,true,,,,,,,,,2026-04-26T06:34:07.000Z,2026-04-26T06:34:07.000Z,2026-04-26T06:34:07.000Z,
256,0.95,2026-04-21T06:00:00.000Z,GFW_4WINGS,735057744,SEA FINCH,ECU,,735057744,-0.5,-90.30000305175781,-0.5,-90.30000305175781,2026-04-21T00:00:00.000Z,2026-04-21T06:00:00.000Z,gfw-0256,vessel_presence,6.0,true,true,,,,,,,,,2026-04-26T06:34:07.000Z,2026-04-26T06:34:07.000Z,2026-04-26T06:34:07.000Z,
257,0.95,2026-04-21T06:00:00.000Z,GFW_4WINGS,735057940,NAT GEO DELFINA,ECU,,735057940,-0.3,-90.5999984741211,-0.3,-90.5999984741211,2026-04-21T00:00:00.000Z,2026-04-21T06:00:00.000Z,gfw-0257,vessel_presence,6.0,true,true,,,,,,,,,2026-04-26T06:34:07.000Z,2026-04-26T06:34:07.000Z,2026-04-26T06:34:07.000Z,
258,0.95,2026-04-21T06:00:00.000Z,GFW_4WINGS,735058210,FREDDY`S LEGACY,ECU,,735058210,-0.5,-90.5,-0.3,-90.5999984741211,2026-04-21T00:00:00.000Z,2026-04-21T06:00:00.000Z,gfw-0258,vessel_presence,6.0,true,true,,,,,,,,,2026-04-26T06:34:07.000Z,2026-04-26T06:34:07.000Z,2026-04-26T06:34:07.000Z,
259,0.95,2026-04-21T06:00:00.000Z,GFW_4WINGS,735058312,SANTA FE III,ECU,,735058312,-0.5,-90.30000305175781,-0.5,-90.30000305175781,2026-04-21T00:00:00.000Z,2026-04-21T06:00:00.000Z,gfw-0259,vessel_presence,6.0,true,true,,,,,,,,,2026-04-26T06:34:07.000Z,2026-04-26T06:34:07.000Z,2026-04-26T06:34:07.000Z,
260,0.95,2026-04-21T06:00:00.000Z,GFW_4WINGS,735058694,EL DELFIN,ECU,,735058694,0.3,-91.5999984741211,0.3,-91.5999984741211,2026-04-21T00:00:00.000Z,2026-04-21T06:00:00.000Z,gfw-0260,vessel_presence,6.0,true,true,,,,,,,,,2026-04-26T06:34:07.000Z,2026-04-26T06:34:07.000Z,2026-04-26T06:34:07.000Z,
261,0.95,2026-04-21T06:00:00.000Z,GFW_4WINGS,735058840,MARIA DEL CARMEN V,ECU,,735058840,-12.0,-77.0999984741211,-12.0,-77.0999984741211,2026-04-21T00:00:00.000Z,2026-04-21T06:00:00.000Z,gfw-0261,vessel_presence,6.0,true,true,,,,,,,,,2026-04-26T06:34:07.000Z,2026-04-26T06:34:07.000Z,2026-04-26T06:34:07.000Z,
262,0.95,2026-04-21T06:00:00.000Z,GFW_4WINGS,735058847,PATRICIA,ECU,,735058847,-0.7,-90.30000305175781,-0.7,-90.30000305175781,2026-04-21T00:00:00.000Z,2026-04-21T06:00:00.000Z,gfw-0262,vessel_presence,6.0,true,true,,,,,,,,,2026-04-26T06:34:07.000Z,2026-04-26T06:34:07.000Z,2026-04-26T06:34:07.000Z,
263,0.95,2026-04-21T06:00:00.000Z,GFW_4WINGS,735059235,ANDES VI,ECU,,735059235,-0.6,-90.0,-1.0,-89.30000305175781,2026-04-21T00:00:00.000Z,2026-04-21T06:00:00.000Z,gfw-0263,vessel_presence,6.0,true,true,,,,,,,,,2026-04-26T06:34:07.000Z,2026-04-26T06:34:07.000Z,2026-04-26T06:34:07.000Z,
264,0.95,2026-04-21T06:00:00.000Z,GFW_4WINGS,735059279,VIKIN,ECU,,735059279,-0.7,-90.30000305175781,-0.7,-90.30000305175781,2026-04-21T00:00:00.000Z,2026-04-21T06:00:00.000Z,gfw-0264,vessel_presence,6.0,true,true,,,,,,,,,2026-04-26T06:34:07.000Z,2026-04-26T06:34:07.000Z,2026-04-26T06:34:07.000Z,
265,0.95,2026-04-21T06:00:00.000Z,GFW_4WINGS,735059321,PASSION,ECU,,735059321,-0.4,-90.5999984741211,-0.4,-90.5999984741211,2026-04-21T00:00:00.000Z,2026-04-21T06:00:00.000Z,gfw-0265,vessel_presence,6.0,true,true,,,,,,,,,2026-04-26T06:34:07.000Z,2026-04-26T06:34:07.000Z,2026-04-26T06:34:07.000Z,
266,0.95,2026-04-21T06:00:00.000Z,GFW_4WINGS,735059355,SANTA CRUZ 2,ECU,,735059355,-0.4,-90.5,-0.5,-90.30000305175781,2026-04-21T00:00:00.000Z,2026-04-21T06:00:00.000Z,gfw-0266,vessel_presence,6.0,true,true,,,,,,,,,2026-04-26T06:34:07.000Z,2026-04-26T06:34:07.000Z,2026-04-26T06:34:07.000Z,
267,0.95,2026-04-21T06:00:00.000Z,GFW_4WINGS,735059415,EL PATRON,ECU,,735059415,0.4,-90.5,0.4,-90.5,2026-04-21T00:00:00.000Z,2026-04-21T06:00:00.000Z,gfw-0267,vessel_presence,6.0,true,true,,,,,,,,,2026-04-26T06:34:07.000Z,2026-04-26T06:34:07.000Z,2026-04-26T06:34:07.000Z,
268,0.95,2026-04-21T06:00:00.000Z,GFW_4WINGS,735059489,EAGLE RAY,ECU,,735059489,-0.5,-90.30000305175781,-0.5,-90.30000305175781,2026-04-21T00:00:00.000Z,2026-04-21T06:00:00.000Z,gfw-0268,vessel_presence,6.0,true,true,,,,,,,,,2026-04-26T06:34:07.000Z,2026-04-26T06:34:07.000Z,2026-04-26T06:34:07.000Z,
269,0.95,2026-04-21T06:00:00.000Z,GFW_4WINGS,735059490,VIRGEN DEL CARMEN,ECU,,735059490,-0.5,-90.30000305175781,-0.5,-90.30000305175781,2026-04-21T00:00:00.000Z,2026-04-21T06:00:00.000Z,gfw-0269,vessel_presence,6.0,true,true,,,,,,,,,2026-04-26T06:34:07.000Z,2026-04-26T06:34:07.000Z,2026-04-26T06:34:07.000Z,
270,0.95,2026-04-21T06:00:00.000Z,GFW_4WINGS,735059556,LA JAIBA,ECU,,735059556,-0.7,-90.30000305175781,-0.7,-90.30000305175781,2026-04-21T00:00:00.000Z,2026-04-21T06:00:00.000Z,gfw-0270,vessel_presence,6.0,true,true,,,,,,,,,2026-04-26T06:34:07.000Z,2026-04-26T06:34:07.000Z,2026-04-26T06:34:07.000Z,
271,0.95,2026-04-21T06:00:00.000Z,GFW_4WINGS,735059689,ALYA,ECU,,735059689,-0.9,-89.5999984741211,-0.9,-89.5999984741211,2026-04-21T00:00:00.000Z,2026-04-21T06:00:00.000Z,gfw-0271,vessel_presence,6.0,true,true,,,,,,,,,2026-04-26T06:34:07.000Z,2026-04-26T06:34:07.000Z,2026-04-26T06:34:07.000Z,
272,0.95,2026-04-21T06:00:00.000Z,GFW_4WINGS,735059708,ANA BELEN,ECU,,735059708,-0.7,-90.30000305175781,-0.7,-90.30000305175781,2026-04-21T00:00:00.000Z,2026-04-21T06:00:00.000Z,gfw-0272,vessel_presence,6.0,true,true,,,,,,,,,2026-04-26T06:34:07.000Z,2026-04-26T06:34:07.000Z,2026-04-26T06:34:07.000Z,
273,0.95,2026-04-21T06:00:00.000Z,GFW_4WINGS,735059736,JESUS DEL CARMEN,ECU,,735059736,-0.5,-90.30000305175781,-0.5,-90.30000305175781,2026-04-21T00:00:00.000Z,2026-04-21T06:00:00.000Z,gfw-0273,vessel_presence,6.0,true,true,,,,,,,,,2026-04-26T06:34:07.000Z,2026-04-26T06:34:07.000Z,2026-04-26T06:34:07.000Z,
274,0.95,2026-04-21T06:00:00.000Z,GFW_4WINGS,735059770,TIPTOP-II,ECU,,735059770,0.0,-91.19999694824219,-0.1,-91.5999984741211,2026-04-21T00:00:00.000Z,2026-04-21T06:00:00.000Z,gfw-0274,vessel_presence,6.0,true,true,,,,,,,,,2026-04-26T06:34:07.000Z,2026-04-26T06:34:07.000Z,2026-04-26T06:34:07.000Z,
275,0.95,2026-04-21T06:00:00.000Z,GFW_4WINGS,735059883,MEGALODON,ECU,,735059883,-0.7,-90.30000305175781,-0.7,-90.30000305175781,2026-04-21T00:00:00.000Z,2026-04-21T06:00:00.000Z,gfw-0275,vessel_presence,6.0,true,true,,,,,,,,,2026-04-26T06:34:07.000Z,2026-04-26T06:34:07.000Z,2026-04-26T06:34:07.000Z,
276,0.95,2026-04-21T06:00:00.000Z,GFW_4WINGS,735060058,SILVER ORIGIN,ECU,,735060058,-0.3,-91.4000015258789,-0.3,-91.4000015258789,2026-04-21T00:00:00.000Z,2026-04-21T06:00:00.000Z,gfw-0276,vessel_presence,6.0,true,true,,,,,,,,,2026-04-26T06:34:07.000Z,2026-04-26T06:34:07.000Z,2026-04-26T06:34:07.000Z,
277,0.95,2026-04-21T06:00:00.000Z,GFW_4WINGS,735060136,DANIELITA,ECU,,735060136,0.1,-91.30000305175781,0.1,-91.30000305175781,2026-04-21T00:00:00.000Z,2026-04-21T06:00:00.000Z,gfw-0277,vessel_presence,6.0,true,true,,,,,,,,,2026-04-26T06:34:07.000Z,2026-04-26T06:34:07.000Z,2026-04-26T06:34:07.000Z,
278,0.95,2026-04-21T06:00:00.000Z,GFW_4WINGS,735060455,GALAXY  SIRIUS,ECU,,735060455,-0.8,-89.5999984741211,0.0,-89.9000015258789,2026-04-21T00:00:00.000Z,2026-04-21T06:00:00.000Z,gfw-0278,vessel_presence,6.0,true,true,,,,,,,,,2026-04-26T06:34:07.000Z,2026-04-26T06:34:07.000Z,2026-04-26T06:34:07.000Z,
279,0.95,2026-04-21T06:00:00.000Z,GFW_4WINGS,735060463,ODALISSA I,ECU,,735060463,-0.7,-90.30000305175781,-0.7,-90.30000305175781,2026-04-21T00:00:00.000Z,2026-04-21T06:00:00.000Z,gfw-0279,vessel_presence,6.0,true,true,,,,,,,,,2026-04-26T06:34:07.000Z,2026-04-26T06:34:07.000Z,2026-04-26T06:34:07.000Z,
280,0.95,2026-04-21T06:00:00.000Z,GFW_4WINGS,735060550,ANNE BONNY,ECU,,735060550,-0.8,-90.30000305175781,-0.8,-90.30000305175781,2026-04-21T00:00:00.000Z,2026-04-21T06:00:00.000Z,gfw-0280,vessel_presence,6.0,true,true,,,,,,,,,2026-04-26T06:34:07.000Z,2026-04-26T06:34:07.000Z,2026-04-26T06:34:07.000Z,
281,0.95,2026-04-21T06:00:00.000Z,GFW_4WINGS,735060574,HERMES,ECU,,735060574,-0.3,-91.4000015258789,-0.3,-91.4000015258789,2026-04-21T00:00:00.000Z,2026-04-21T06:00:00.000Z,gfw-0281,vessel_presence,6.0,true,true,,,,,,,,,2026-04-26T06:34:07.000Z,2026-04-26T06:34:07.000Z,2026-04-26T06:34:07.000Z,
282,0.95,2026-04-21T06:00:00.000Z,GFW_4WINGS,760000070,TASA 315,PER,,760000070,-7.7,-79.5,-7.7,-79.5,2026-04-21T00:00:00.000Z,2026-04-21T06:00:00.000Z,gfw-0282,vessel_presence,6.0,true,true,,,,,,,,,2026-04-26T06:34:07.000Z,2026-04-26T06:34:07.000Z,2026-04-26T06:34:07.000Z,
283,0.95,2026-04-21T06:00:00.000Z,GFW_4WINGS,760000400,DON OLE,PER,,760000400,-8.0,-79.5999984741211,-8.0,-79.5999984741211,2026-04-21T00:00:00.000Z,2026-04-21T06:00:00.000Z,gfw-0283,vessel_presence,6.0,true,true,,,,,,,,,2026-04-26T06:34:07.000Z,2026-04-26T06:34:07.000Z,2026-04-26T06:34:07.000Z,
284,0.95,2026-04-21T06:00:00.000Z,GFW_4WINGS,760003050,BCZA PSA MOLLENDO,PER,,760003050,-17.0,-72.0999984741211,-17.0,-72.0999984741211,2026-04-21T00:00:00.000Z,2026-04-21T06:00:00.000Z,gfw-0284,vessel_presence,6.0,true,true,,,,,,,,,2026-04-26T06:34:07.000Z,2026-04-26T06:34:07.000Z,2026-04-26T06:34:07.000Z,
285,0.95,2026-04-21T06:00:00.000Z,GFW_4WINGS,760006568,DALMACIA,PER,,760006568,-7.7,-79.5,-7.7,-79.5,2026-04-21T00:00:00.000Z,2026-04-21T06:00:00.000Z,gfw-0285,vessel_presence,6.0,true,true,,,,,,,,,2026-04-26T06:34:07.000Z,2026-04-26T06:34:07.000Z,2026-04-26T06:34:07.000Z,
286,0.95,2026-04-21T06:00:00.000Z,GFW_4WINGS,760011391,NORMA,PER,,760011391,-12.0,-77.19999694824219,-12.0,-77.0999984741211,2026-04-21T00:00:00.000Z,2026-04-21T06:00:00.000Z,gfw-0286,vessel_presence,6.0,true,true,,,,,,,,,2026-04-26T06:34:07.000Z,2026-04-26T06:34:07.000Z,2026-04-26T06:34:07.000Z,
287,0.95,2026-04-21T06:00:00.000Z,GFW_4WINGS,760013012,EP NUEVA RESBALOSA,PER,,760013012,-11.9,-77.69999694824219,-11.9,-77.5999984741211,2026-04-21T00:00:00.000Z,2026-04-21T06:00:00.000Z,gfw-0287,vessel_presence,6.0,true,true,,,,,,,,,2026-04-26T06:34:07.000Z,2026-04-26T06:34:07.000Z,2026-04-26T06:34:07.000Z,
288,0.95,2026-04-21T06:00:00.000Z,GFW_4WINGS,760013270,DON VICTOR,PER,,760013270,-11.6,-77.30000305175781,-11.6,-77.30000305175781,2026-04-21T00:00:00.000Z,2026-04-21T06:00:00.000Z,gfw-0288,vessel_presence,6.0,true,true,,,,,,,,,2026-04-26T06:34:07.000Z,2026-04-26T06:34:07.000Z,2026-04-26T06:34:07.000Z,
289,0.95,2026-04-21T06:00:00.000Z,GFW_4WINGS,760014964,GUANAY,PER,,760014964,-12.0,-77.19999694824219,-12.0,-77.19999694824219,2026-04-21T00:00:00.000Z,2026-04-21T06:00:00.000Z,gfw-0289,vessel_presence,6.0,true,true,,,,,,,,,2026-04-26T06:34:07.000Z,2026-04-26T06:34:07.000Z,2026-04-26T06:34:07.000Z,
290,0.95,2026-04-21T06:00:00.000Z,GFW_4WINGS,760016079,RIBAR 9,PER,,760016079,-11.6,-77.30000305175781,-11.5,-77.30000305175781,2026-04-21T00:00:00.000Z,2026-04-21T06:00:00.000Z,gfw-0290,vessel_presence,6.0,true,true,,,,,,,,,2026-04-26T06:34:07.000Z,2026-04-26T06:34:07.000Z,2026-04-26T06:34:07.000Z,
291,0.95,2026-04-21T06:00:00.000Z,GFW_4WINGS,760016647,CHIMBOTE 1,PER,,760016647,-12.1,-77.5,-12.7,-76.9000015258789,2026-04-21T00:00:00.000Z,2026-04-21T06:00:00.000Z,gfw-0291,vessel_presence,6.0,true,true,,,,,,,,,2026-04-26T06:34:07.000Z,2026-04-26T06:34:07.000Z,2026-04-26T06:34:07.000Z,
292,0.95,2026-04-21T06:00:00.000Z,GFW_4WINGS,760016660,BAMAR I,PER,,760016660,-11.0,-77.69999694824219,-11.2,-77.80000305175781,2026-04-21T00:00:00.000Z,2026-04-21T06:00:00.000Z,gfw-0292,vessel_presence,6.0,true,true,,,,,,,,,2026-04-26T06:34:07.000Z,2026-04-26T06:34:07.000Z,2026-04-26T06:34:07.000Z,
293,0.95,2026-04-21T06:00:00.000Z,GFW_4WINGS,760018818,BRUNELLA II,PER,,760018818,-7.8,-79.5999984741211,-7.7,-79.4000015258789,2026-04-21T00:00:00.000Z,2026-04-21T06:00:00.000Z,gfw-0293,vessel_presence,6.0,true,true,,,,,,,,,2026-04-26T06:34:07.000Z,2026-04-26T06:34:07.000Z,2026-04-26T06:34:07.000Z,
294,0.95,2026-04-21T06:00:00.000Z,GFW_4WINGS,760061822,MARINHA 1,PER,,760061822,-8.1,-79.5,-7.9,-79.4000015258789,2026-04-21T00:00:00.000Z,2026-04-21T06:00:00.000Z,gfw-0294,vessel_presence,6.0,true,true,,,,,,,,,2026-04-26T06:34:07.000Z,2026-04-26T06:34:07.000Z,2026-04-26T06:34:07.000Z,
295,0.95,2026-04-21T06:00:00.000Z,GFW_4WINGS,769493837,MELISSA HOPER,,,769493837,-11.1,-77.5999984741211,-11.1,-77.5999984741211,2026-04-21T00:00:00.000Z,2026-04-21T06:00:00.000Z,gfw-0295,vessel_presence,6.0,true,true,,,,,,,,,2026-04-26T06:34:07.000Z,2026-04-26T06:34:07.000Z,2026-04-26T06:34:07.000Z,
296,0.95,2026-04-21T06:00:00.000Z,GFW_4WINGS,802756106,56106-27-99%,,,802756106,28.5,124.5999984741211,28.4,124.5,2026-04-21T00:00:00.000Z,2026-04-21T06:00:00.000Z,gfw-0296,vessel_presence,6.0,true,true,,,,,,,,,2026-04-26T06:34:07.000Z,2026-04-26T06:34:07.000Z,2026-04-26T06:34:07.000Z,
297,0.95,2026-04-21T06:00:00.000Z,GFW_4WINGS,991279303,SLC793-03 86%,,,991279303,3.1,169.6999969482422,3.1,169.60000610351562,2026-04-21T00:00:00.000Z,2026-04-21T06:00:00.000Z,gfw-0297,vessel_presence,6.0,true,false,,,,,,,,,2026-04-26T06:34:07.000Z,2026-04-26T06:34:07.000Z,2026-04-26T06:34:07.000Z,
298,0.95,2026-04-21T06:00:00.000Z,GFW_4WINGS,994110941,TEMANIM 1-11      9V,,,994110941,1.6,172.10000610351562,1.6,172.10000610351562,2026-04-21T00:00:00.000Z,2026-04-21T06:00:00.000Z,gfw-0298,vessel_presence,6.0,true,false,,,,,,,,,2026-04-26T06:34:07.000Z,2026-04-26T06:34:07.000Z,2026-04-26T06:34:07.000Z,
299,0.95,2026-04-21T06:00:00.000Z,GFW_4WINGS,994210037,T3-07             9V,,,994210037,1.0,171.89999389648438,1.0,171.89999389648438,2026-04-21T00:00:00.000Z,2026-04-21T06:00:00.000Z,gfw-0299,vessel_presence,6.0,true,false,,,,,,,,,2026-04-26T06:34:07.000Z,2026-04-26T06:34:07.000Z,2026-04-26T06:34:07.000Z,
